"","V1","V2","V3","V4","V5","V6","V7","V8","V9","V10"
"1",5.4,43,1,0,0,0,1461,0,0,1949
"2",5.1,34,1,0,0,0,730,0,0,1561
"3",5.4,41,1,0,0,0,1217,0,0,1819
"4",4.9,34,1,0,0,0,1098,0,0,1790
"5",5.2,49,1,0,0,0,2197,0,0,2375
"6",5.4,30,1,0,0,0,574,0,0,1209
"7",5.6,35,1,0,0,0,586,0,0,1563
"8",4.6,31,1,0,0,0,883,0,0,1643
"9",5.9,58,1,0,0,0,2118,0,0,2348
"10",3.6,23,1,0,0,0,963,0,0,1612
"11",3.4,23,1,0,0,0,1168,0,0,1719
"12",5.7,47,1,0,0,0,1801,0,0,2154
"13",3.3,20,1,0,0,0,892,0,0,1567
"14",3.3,30,1,0,0,0,2177,0,0,2347
"15",5.3,28,1,0,0,0,577,0,0,1150
"16",3.9,26,1,0,0,0,796,0,0,1589
"17",3.4,22,1,0,0,0,1101,0,0,1682
"18",5.4,50,1,0,0,0,2142,0,0,2335
"19",3.6,24,1,0,0,0,1143,0,0,1757
"20",4.5,35,1,0,0,0,1340,0,0,1890
"21",5.8,41,1,0,0,0,973,0,0,1735
"22",5.4,37,1,0,0,0,1139,0,0,1830
"23",5.3,22,1,0,0,0,2216,0,0,940
"24",4.8,30,1,0,0,0,578,0,0,1481
"25",4,35,1,0,0,0,2181,0,0,2379
"26",4.7,30,1,0,0,0,733,0,0,1548
"27",5.5,49,1,0,0,0,1953,0,0,2240
"28",4.9,44,1,0,0,0,2106,0,0,2316
"29",4,39,1,0,0,0,2235,0,0,2392
"30",4.8,20,1,0,0,0,2511,0,0,937
"31",5.7,52,1,0,0,0,2043,0,0,2256
"32",5.9,29,1,0,0,0,1344,0,0,1000
"33",4.9,27,1,0,0,0,285,0,0,1294
"34",4,28,1,0,0,0,1504,0,0,1951
"35",4.4,24,1,0,0,0,478,0,0,1227
"36",5.2,27,1,0,0,0,848,0,0,1129
"37",5.9,58,1,0,0,0,2096,0,0,2309
"38",4.5,42,1,0,0,0,2110,0,0,2348
"39",6,54,1,0,0,0,1854,0,0,2229
"40",4.4,39,1,0,0,0,2002,0,0,2273
"41",3.8,21,1,0,0,0,92,0,0,1301
"42",3,21,1,0,0,0,1454,0,0,1892
"43",5.5,25,1,0,0,0,2438,0,0,899
"44",5.1,33,1,0,0,0,865,0,0,1665
"45",4.4,21,1,0,0,0,948,0,0,1104
"46",2.7,22,1,0,0,0,1904,0,0,2155
"47",5.2,43,1,0,0,0,1715,0,0,2108
"48",3.1,22,1,0,0,0,1464,0,0,1842
"49",4.1,29,1,0,0,0,1237,0,0,1788
"50",4.4,39,1,0,0,0,1820,0,0,2083
"51",5.2,30,1,0,0,0,311,0,0,1269
"52",5.9,29,1,0,0,0,1094,0,0,1082
"53",2.6,24,1,0,0,0,2129,0,0,2301
"54",5.9,37,1,0,0,0,560,0,0,1599
"55",3.1,27,1,0,0,0,2112,0,0,2293
"56",5.6,32,1,0,0,0,23,0,0,1383
"57",4.9,44,1,0,0,0,1921,0,0,2208
"58",3.5,27,1,0,0,0,1755,0,0,2065
"59",5.3,33,1,0,0,0,175,0,0,1452
"60",4.7,36,1,0,0,0,1462,0,0,1948
"61",5,46,1,0,0,0,1997,0,0,2239
"62",5,34,1,0,0,0,779,0,0,1585
"63",3.7,30,1,0,0,0,1985,0,0,2243
"64",4.8,30,1,0,0,0,103,0,0,1340
"65",5,40,1,0,0,0,1748,0,0,2102
"66",4.2,34,1,0,0,0,1801,0,0,2136
"67",5.6,50,1,0,0,0,1887,0,0,2187
"68",5.7,33,1,0,0,0,299,0,0,1351
"69",4.1,25,1,0,0,0,778,0,0,1533
"70",3.3,32,1,0,0,0,2145,0,0,2356
"71",5.8,42,1,0,0,0,1425,0,0,1947
"72",4.8,43,1,0,0,0,2017,0,0,2262
"73",6,27,1,0,0,0,2622,0,0,912
"74",6,45,1,0,0,0,1383,0,0,1968
"75",4.7,33,1,0,0,0,1214,0,0,1779
"76",4.4,38,1,0,0,0,1893,0,0,2164
"77",4.6,30,1,0,0,0,1023,0,0,1667
"78",3.7,26,1,0,0,0,1550,0,0,1983
"79",4.1,27,1,0,0,0,940,0,0,1641
"80",3.7,33,1,0,0,0,1986,0,0,2273
"81",5.5,38,1,0,0,0,945,0,0,1707
"82",4.9,37,1,0,0,0,1294,0,0,1821
"83",5.7,43,1,0,0,0,1280,0,0,1883
"84",3.3,29,1,0,0,0,2104,0,0,2309
"85",5.6,21,1,0,0,0,3954,0,0,815
"86",5.2,40,1,0,0,0,1256,0,0,1870
"87",5.9,51,1,0,0,0,1887,0,0,2197
"88",4.4,42,1,0,0,0,1997,0,0,2244
"89",5.3,34,1,0,0,0,818,0,0,1592
"90",5,33,1,0,0,0,777,0,0,1615
"91",3.5,25,1,0,0,0,1422,0,0,1912
"92",5.9,24,1,0,0,0,2706,0,0,853
"93",4.2,35,1,0,0,0,1760,0,0,2102
"94",4.9,37,1,0,0,0,1549,0,0,1998
"95",5.7,47,1,0,0,0,1754,0,0,2155
"96",5.6,48,1,0,0,0,1804,0,0,2166
"97",5.5,37,1,0,0,0,838,0,0,1715
"98",5.2,41,1,0,0,0,1626,0,0,2009
"99",5,26,1,0,0,0,651,0,0,1139
"100",3.6,24,1,0,0,0,1006,0,0,1612
"101",5.3,35,1,0,0,0,1028,0,0,1672
"102",3.2,32,1,0,0,0,2269,0,0,2398
"103",3.8,25,1,0,0,0,679,0,0,1517
"104",4.6,41,1,0,0,0,1827,0,0,2115
"105",5,35,1,0,0,0,1041,0,0,1775
"106",5.2,23,1,0,0,0,2191,0,0,955
"107",5,40,1,0,0,0,1902,0,0,2178
"108",5.1,27,1,0,0,0,834,0,0,1163
"109",5.3,40,1,0,0,0,1699,0,0,2062
"110",5.1,42,1,0,0,0,1768,0,0,2129
"111",4.9,22,1,0,0,0,1903,0,0,960
"112",5.5,27,1,0,0,0,1230,0,0,1082
"113",2.7,24,1,0,0,0,2126,0,0,2320
"114",5,34,1,0,0,0,979,0,0,1744
"115",3.8,26,1,0,0,0,1270,0,0,1878
"116",4.9,31,1,0,0,0,653,0,0,1586
"117",4.8,23,1,0,0,0,1150,0,0,996
"118",5.2,23,1,0,0,0,2541,0,0,912
"119",2.8,24,1,0,0,0,1967,0,0,2233
"120",3.9,23,1,0,0,0,18,0,0,1312
"121",4.9,24,1,0,0,0,820,0,0,1107
"122",5.1,50,1,0,0,0,2151,0,0,2346
"123",4.4,38,1,0,0,0,1952,0,0,2219
"124",4.6,41,1,0,0,0,2047,0,0,2241
"125",3.9,37,1,0,0,0,2121,0,0,2295
"126",6,31,1,0,0,0,1028,0,0,1124
"127",4.4,33,1,0,0,0,1518,0,0,1994
"128",5.7,59,1,0,0,0,2186,0,0,2364
"129",4.4,42,1,0,0,0,2172,0,0,2347
"130",3.9,31,1,0,0,0,1511,0,0,1926
"131",5,44,1,0,0,0,1688,0,0,2093
"132",5.4,38,1,0,0,0,999,0,0,1729
"133",4.8,30,1,0,0,0,588,0,0,1511
"134",4.5,45,1,0,0,0,2160,0,0,2368
"135",4.4,21,1,0,0,0,998,0,0,1042
"136",5,24,1,0,0,0,1225,0,0,1008
"137",4.9,46,1,0,0,0,2148,0,0,2375
"138",5.9,22,1,0,0,0,4075,0,0,797
"139",4.3,23,1,0,0,0,271,0,0,1250
"140",3.9,23,1,0,0,0,292,0,0,1403
"141",3.7,22,1,0,0,0,674,0,0,1467
"142",5.7,34,1,0,0,0,622,0,0,1204
"143",5.5,39,1,0,0,0,1016,0,0,1711
"144",5.5,42,1,0,0,0,1380,0,0,1907
"145",5.9,35,1,0,0,0,179,0,0,1434
"146",3.7,26,1,0,0,0,998,0,0,1704
"147",4,23,1,0,0,0,152,0,0,1311
"148",4.9,46,1,0,0,0,2149,0,0,2311
"149",5.6,51,1,0,0,0,2003,0,0,2252
"150",2.9,25,1,0,0,0,2080,0,0,2267
"151",6,39,1,0,0,0,473,0,0,1483
"152",3.2,23,1,0,0,0,1363,0,0,1805
"153",5.4,40,1,0,0,0,1549,0,0,1987
"154",4.5,31,1,0,0,0,1119,0,0,1746
"155",3.3,30,1,0,0,0,2107,0,0,2318
"156",5.7,30,1,0,0,0,1026,0,0,1141
"157",3.8,30,1,0,0,0,1623,0,0,2001
"158",4.3,23,1,0,0,0,530,0,0,1179
"159",4.8,24,1,0,0,0,1065,0,0,985
"160",3.3,28,1,0,0,0,1818,0,0,2091
"161",5.7,50,1,0,0,0,1981,0,0,2242
"162",5.8,39,1,0,0,0,630,0,0,1580
"163",5.9,51,1,0,0,0,1804,0,0,2196
"164",5.6,23,1,0,0,0,2656,0,0,892
"165",4.9,26,1,0,0,0,766,0,0,1094
"166",5.2,32,1,0,0,0,495,0,0,1499
"167",4.7,37,1,0,0,0,1577,0,0,1985
"168",5.6,44,1,0,0,0,1401,0,0,1952
"169",5.1,39,1,0,0,0,1271,0,0,1839
"170",5.1,46,1,0,0,0,1961,0,0,2216
"171",4.9,26,1,0,0,0,328,0,0,1232
"172",4.9,33,1,0,0,0,715,0,0,1549
"173",3.8,26,1,0,0,0,1177,0,0,1712
"174",5.9,30,1,0,0,0,592,0,0,1169
"175",4.4,39,1,0,0,0,2116,0,0,2308
"176",5.2,24,1,0,0,0,1550,0,0,991
"177",5.3,49,1,0,0,0,1885,0,0,2169
"178",4.5,22,1,0,0,0,776,0,0,1067
"179",5.8,52,1,0,0,0,2109,0,0,2288
"180",5.3,48,1,0,0,0,1989,0,0,2247
"181",3.6,21,1,0,0,0,717,0,0,1503
"182",5.4,26,1,0,0,0,896,0,0,1034
"183",5.3,47,1,0,0,0,1934,0,0,2184
"184",5.9,48,1,0,0,0,1838,0,0,2148
"185",3.3,24,1,0,0,0,1586,0,0,1957
"186",5.7,36,1,0,0,0,468,0,0,1500
"187",4.6,21,1,0,0,0,1565,0,0,990
"188",3.5,27,1,0,0,0,1499,0,0,1926
"189",4.2,32,1,0,0,0,1572,0,0,1954
"190",4.5,38,1,0,0,0,1903,0,0,2204
"191",4.3,35,1,0,0,0,1526,0,0,1994
"192",5.1,33,1,0,0,0,636,0,0,1596
"193",4.7,24,1,0,0,0,540,0,0,1117
"194",4.6,33,1,0,0,0,1265,0,0,1868
"195",4.6,28,1,0,0,0,440,0,0,1436
"196",3.9,27,1,0,0,0,1391,0,0,1866
"197",4.2,39,1,0,0,0,2009,0,0,2260
"198",5.9,51,1,0,0,0,2000,0,0,2262
"199",3.7,32,1,0,0,0,2020,0,0,2228
"200",4.4,32,1,0,0,0,1358,0,0,1914
"201",4.16193921274623,24.759753609029,1,0,0,0,412,0,0,1431
"202",5.25854173996514,32.8579037734533,1,0,0,0,535,0,0,1538
"203",4.58917477989339,29.9256797946638,1,0,0,0,565,0,0,1503
"204",5.48700290654839,26.5116915363179,1,0,0,0,1545,0,0,1015
"205",5.03400305523118,30.2256878749298,1,0,0,0,206,0,0,1329
"206",4.95912085821038,24.2044831849321,1,0,0,0,1047,0,0,1072
"207",5.37474794854628,37.9723357953367,1,0,0,0,816,0,0,1635
"208",5.91231359140895,39.0559204651932,1,0,0,0,684,0,0,1578
"209",5.06375263530615,27.1917401852913,1,0,0,0,144,0,0,1391
"210",5.33558283882661,29.7102521138864,1,0,0,0,369,0,0,1257
"211",3.70397583048752,24.3300815017049,1,0,0,0,899,0,0,1652
"212",4.73980253885494,22.8240148249257,1,0,0,0,1217,0,0,1051
"213",4.64498573201324,31.1671124832734,1,0,0,0,763,0,0,1629
"214",4.35492755268038,30.3966940180435,1,0,0,0,1187,0,0,1746
"215",5.84242463390219,34.5621007796009,1,0,0,0,321,0,0,1309
"216",3.7620598057506,23.0372703368161,1,0,0,0,368,0,0,1414
"217",3.78563141170591,24.564494942367,1,0,0,0,672,0,0,1516
"218",6.96005713289816,47.0621386108076,1,0,0,0,752,0,0,1652
"219",5.50149633070437,39.0823905756354,1,0,0,0,1157,0,0,1753
"220",6.59224768036436,44.2099673554941,1,0,0,0,843,0,0,1633
"221",5.87292109026164,33.0913815273963,1,0,0,0,528,0,0,1278
"222",5.18840860401167,35.0866033234645,1,0,0,0,1080,0,0,1738
"223",3.19744506195403,15.6059596551932,1,0,0,0,539,0,0,1085
"224",5.94049352387126,40.0701134118285,1,0,0,0,746,0,0,1637
"225",4.23325454713593,30.9811445114969,1,0,0,0,1314,0,0,1795
"226",5.39189114969838,30.648643891151,1,0,0,0,55,0,0,1285
"227",5.78282465888678,34.9865896991698,1,0,0,0,4,0,0,1333
"228",4.11796542088559,26.2558337617885,1,0,0,0,881,0,0,1626
"229",5.8822531151547,43.0986363501632,1,0,0,0,1179,0,0,1821
"230",5.22620441525412,25.9263931026411,1,0,0,0,1198,0,0,1040
"231",3.51815820621654,14.0140582525633,1,0,0,0,2070,0,0,872
"232",4.36344755769902,24.483535799138,1,0,0,0,120,0,0,1382
"233",4.76171036671131,33.4395607664428,1,0,0,0,1148,0,0,1798
"234",4.48534787169302,29.6103946316496,1,0,0,0,581,0,0,1532
"235",4.32311369631582,22.3858103972193,1,0,0,0,313,0,0,1185
"236",6.16554605483654,42.3219426169657,1,0,0,0,684,0,0,1608
"237",4.93570959988842,31.1244890701351,1,0,0,0,641,0,0,1495
"238",5.67523345873327,39.0647517085269,1,0,0,0,834,0,0,1628
"239",4.33780198172785,30.7474488471888,1,0,0,0,1222,0,0,1713
"240",4.4999467311256,22.4847070592725,1,0,0,0,630,0,0,1161
"241",6.17583099968699,29.6745977406942,1,0,0,0,1456,0,0,1046
"242",6.18289083976052,38.2979531413422,1,0,0,0,399,0,0,1506
"243",4.44779303195636,16.0381599991591,1,0,0,0,3718,0,0,789
"244",4.06130894310699,25.7003249792546,1,0,0,0,682,0,0,1578
"245",4.46307600242531,28.2186670788303,1,0,0,0,781,0,0,1583
"246",4.18670082599907,26.2541884769641,1,0,0,0,388,0,0,1427
"247",5.64811876393079,36.96811366107,1,0,0,0,662,0,0,1583
"248",5.49463340179815,36.9517227180689,1,0,0,0,852,0,0,1633
"249",5.62530426110206,27.7583674905978,1,0,0,0,912,0,0,1119
"250",5.59858661321607,26.375362797512,1,0,0,0,1280,0,0,1022
"251",2.76241171912409,16.1274383598686,1,0,0,0,640,0,0,1376
"252",5.11550108619218,35.3758933152107,1,0,0,0,1055,0,0,1745
"253",4.69298393179032,33.4789211704665,1,0,0,0,1284,0,0,1816
"254",3.14669508983858,20.2789017086426,1,0,0,0,955,0,0,1605
"255",3.86712056946141,24.4545001682707,1,0,0,0,894,0,0,1585
"256",4.94260901888818,33.0570987658151,1,0,0,0,898,0,0,1646
"257",4.44264968426657,27.267254301196,1,0,0,0,768,0,0,1617
"258",4.00281055807723,29.4152192012858,1,0,0,0,1292,0,0,1822
"259",5.25480078093842,26.6909771527202,1,0,0,0,892,0,0,1144
"260",3.40443271413872,22.2177534730087,1,0,0,0,676,0,0,1509
"261",3.01858173147332,4.5058491366853,1,0,0,0,3796,0,0,778
"262",4.35493905092051,22.1411686708633,1,0,0,0,849,0,0,1170
"263",5.34619930079804,28.7387603885764,1,0,0,0,831,0,0,1184
"264",4.73102865624151,24.3495547541516,1,0,0,0,902,0,0,1148
"265",5.07603327157075,31.5641413187584,1,0,0,0,520,0,0,1500
"266",5.0179004535895,30.4182684081396,1,0,0,0,418,0,0,1494
"267",4.38847155182828,21.9786332196059,1,0,0,0,794,0,0,1046
"268",6.21995952495154,45.6612178723441,1,0,0,0,1067,0,0,1763
"269",6.01492594548871,33.1673036116289,1,0,0,0,924,0,0,1174
"270",5.93662494063922,31.681257729942,1,0,0,0,87,0,0,1271
"271",3.08754155408234,17.3978209653844,1,0,0,0,371,0,0,1340
"272",5.2051606866277,36.2602184722499,1,0,0,0,834,0,0,1624
"273",6.07407546512019,36.7493620988581,1,0,0,0,220,0,0,1333
"274",5.08106343200013,33.5171565057932,1,0,0,0,643,0,0,1566
"275",4.06790390076989,24.3183688739206,1,0,0,0,488,0,0,1417
"276",5.14189139765473,32.9995362181158,1,0,0,0,506,0,0,1495
"277",5.76491404844604,34.3569248595049,1,0,0,0,229,0,0,1450
"278",4.65348120178147,30.8296356458831,1,0,0,0,1038,0,0,1699
"279",4.6663906881226,30.2675011619001,1,0,0,0,635,0,0,1547
"280",6.22617117392856,25.6821980405783,1,0,0,0,3481,0,0,872
"281",4.35755750065347,28.1812813306485,1,0,0,0,1221,0,0,1816
"282",5.63605592837123,32.2925946571628,1,0,0,0,103,0,0,1260
"283",3.37546108803004,9.71905386866226,1,0,0,0,3494,0,0,778
"284",3.35024464702564,12.4406384421461,1,0,0,0,2363,0,0,802
"285",5.19259152887424,38.0710279661713,1,0,0,0,1163,0,0,1786
"286",5.42227204419932,34.3313912967344,1,0,0,0,428,0,0,1526
"287",4.11667576955222,25.682995183889,1,0,0,0,798,0,0,1589
"288",5.15630316683764,36.0251517719473,1,0,0,0,985,0,0,1743
"289",3.60076632269855,24.6198263290107,1,0,0,0,1047,0,0,1656
"290",5.22499475491405,22.8576270396634,1,0,0,0,2055,0,0,916
"291",4.2379945077165,27.7137596416238,1,0,0,0,941,0,0,1629
"292",4.05164019780957,22.3533041709877,1,0,0,0,468,0,0,1383
"293",4.60791673327218,31.56840543787,1,0,0,0,519,0,0,1524
"294",5.4974586118067,28.5536250319506,1,0,0,0,687,0,0,1139
"295",4.23667475609616,18.9650636545094,1,0,0,0,1826,0,0,911
"296",5.41002323113649,39.2676980414399,1,0,0,0,1050,0,0,1792
"297",4.79439060017207,23.9832439265335,1,0,0,0,846,0,0,1093
"298",4.78538100982656,28.2033375038622,1,0,0,0,253,0,0,1363
"299",4.86102817491434,28.3898746788838,1,0,0,0,192,0,0,1282
"300",5.28876591246657,29.6133111169712,1,0,0,0,84,0,0,1387
"301",4.10884507355036,26.8056079582599,1,0,0,0,1009,0,0,1691
"302",4.04640417845457,20.3226341118459,1,0,0,0,731,0,0,1090
"303",5.44713544860536,37.4448634605159,1,0,0,0,1103,0,0,1749
"304",6.11029686215199,36.88758229081,1,0,0,0,45,0,0,1408
"305",4.40344262922691,27.9715862693034,1,0,0,0,189,0,0,1427
"306",5.12092407709979,23.6988548660579,1,0,0,0,1441,0,0,1016
"307",3.99183836795477,25.5499217923005,1,0,0,0,936,0,0,1673
"308",4.75441000845835,34.0048390070974,1,0,0,0,1170,0,0,1773
"309",5.82642945975349,39.9580352549113,1,0,0,0,1146,0,0,1823
"310",4.8859421385116,16.9004884312613,1,0,0,0,4306,0,0,780
"311",5.02080629569686,26.1174671330328,1,0,0,0,244,0,0,1271
"312",4.57466230608915,31.7727228697113,1,0,0,0,919,0,0,1659
"313",4.55774753453678,23.5982850031583,1,0,0,0,990,0,0,1080
"314",4.37317991796707,27.0618194646703,1,0,0,0,420,0,0,1427
"315",4.71060855963114,25.869972886341,1,0,0,0,203,0,0,1240
"316",2.87589243396025,14.9620069769215,1,0,0,0,114,0,0,1219
"317",3.09425496297175,18.4186240492148,1,0,0,0,696,0,0,1506
"318",5.13184068757711,32.091623292792,1,0,0,0,457,0,0,1417
"319",4.58706997548238,27.2525418362643,1,0,0,0,477,0,0,1516
"320",5.51305100787747,39.8924233129883,1,0,0,0,1160,0,0,1807
"321",5.2596010110707,37.3105720645748,1,0,0,0,1062,0,0,1766
"322",5.81143591946929,36.5548795643107,1,0,0,0,328,0,0,1468
"323",5.51595203447243,39.4341399876498,1,0,0,0,1166,0,0,1781
"324",5.56439076970094,37.1334979274573,1,0,0,0,906,0,0,1681
"325",4.52449637568578,29.7882983749586,1,0,0,0,687,0,0,1554
"326",4.07619485119763,26.5734831295978,1,0,0,0,1009,0,0,1663
"327",5.85207904156981,33.9118648853754,1,0,0,0,35,0,0,1351
"328",5.52757196694868,36.4775525841245,1,0,0,0,632,0,0,1583
"329",5.88316660490964,38.1319703812568,1,0,0,0,491,0,0,1538
"330",5.1002795668036,34.6951724938785,1,0,0,0,565,0,0,1575
"331",7.36932959143052,44.9683602956928,1,0,0,0,3,0,0,1404
"332",4.30041276724283,24.7943334723109,1,0,0,0,206,0,0,1364
"333",5.84603742902628,29.4980169845165,1,0,0,0,1171,0,0,1123
"334",5.70401035971847,22.6183737902284,1,0,0,0,2552,0,0,899
"335",5.478492477321,30.5667196804506,1,0,0,0,317,0,0,1266
"336",4.83752955840102,30.9376309251795,1,0,0,0,811,0,0,1557
"337",5.17274766547528,17.6062663602031,1,0,0,0,4326,0,0,778
"338",6.06056161283978,38.1901377466755,1,0,0,0,500,0,0,1566
"339",3.70940623694126,10.7193220391658,1,0,0,0,4264,0,0,778
"340",4.13318051205387,20.274067167115,1,0,0,0,1142,0,0,1067
"341",4.29618868099063,24.7026097499128,1,0,0,0,319,0,0,1398
"342",4.2900553008961,23.8002299649845,1,0,0,0,216,0,0,1258
"343",4.72175032399474,32.9432667893982,1,0,0,0,955,0,0,1705
"344",6.36326154177041,33.4267722313561,1,0,0,0,1256,0,0,1026
"345",5.87259948909517,35.2276823659758,1,0,0,0,231,0,0,1402
"346",4.32636989760313,28.5679547889098,1,0,0,0,555,0,0,1499
"347",4.94635428972798,32.6891143466505,1,0,0,0,735,0,0,1551
"348",4.2805090741757,23.5952581724402,1,0,0,0,276,0,0,1376
"349",4.92225245891074,30.4015244660631,1,0,0,0,305,0,0,1429
"350",3.86826490108578,23.4008171796729,1,0,0,0,637,0,0,1459
"351",3.91680250537006,28.527455161321,1,0,0,0,1277,0,0,1763
"352",4.73083179374057,25.9949576377066,1,0,0,0,446,0,0,1210
"353",4.73896259452326,32.9092854167597,1,0,0,0,1230,0,0,1778
"354",5.27376580549302,38.0719275845526,1,0,0,0,994,0,0,1692
"355",3.87313330522492,13.995242466834,1,0,0,0,2534,0,0,835
"356",6.72765165494943,43.3536025399176,1,0,0,0,319,0,0,1534
"357",4.48383061605454,23.8739688966332,1,0,0,0,189,0,0,1270
"358",3.4960148865723,20.4129565467853,1,0,0,0,239,0,0,1255
"359",4.46792400249049,27.6573993883094,1,0,0,0,970,0,0,1673
"360",5.06131607139954,23.1794053576289,1,0,0,0,1603,0,0,971
"361",5.10481362791122,34.1072403953201,1,0,0,0,1020,0,0,1681
"362",4.51569255896587,25.6958043273892,1,0,0,0,233,0,0,1425
"363",5.75964363850748,41.2960447684423,1,0,0,0,1119,0,0,1791
"364",3.61684937409237,18.303150761115,1,0,0,0,434,0,0,1132
"365",5.1194114812778,19.1800986784425,1,0,0,0,3434,0,0,848
"366",3.40364143943261,21.8093477867397,1,0,0,0,1098,0,0,1664
"367",2.5496815402274,15.7626258557342,1,0,0,0,1148,0,0,1656
"368",4.2136184504039,20.8895954524415,1,0,0,0,605,0,0,1119
"369",6.0102612478227,33.8844610650432,1,0,0,0,663,0,0,1236
"370",5.27742123516082,32.2081497508661,1,0,0,0,330,0,0,1426
"371",3.83121056427411,26.1459567472983,1,0,0,0,1146,0,0,1752
"372",5.26633065745092,34.5462607595285,1,0,0,0,864,0,0,1605
"373",4.36480259921094,22.193514947501,1,0,0,0,1035,0,0,1110
"374",4.17333429524511,21.015562247682,1,0,0,0,624,0,0,1139
"375",4.18873041529624,29.0309686355628,1,0,0,0,1136,0,0,1748
"376",4.25387404358892,27.6000324785762,1,0,0,0,1008,0,0,1686
"377",5.11533417569893,29.9089771212257,1,0,0,0,21,0,0,1349
"378",5.07063801880893,22.7673611284055,1,0,0,0,1822,0,0,984
"379",6.81293345701574,51.3804921608381,1,0,0,0,1103,0,0,1789
"380",4.66628907100573,20.7889499463355,1,0,0,0,1651,0,0,962
"381",5.09776326049407,32.8113989922428,1,0,0,0,514,0,0,1564
"382",4.79616256235919,28.6735050578743,1,0,0,0,434,0,0,1443
"383",4.25517754695615,28.0204840520033,1,0,0,0,893,0,0,1600
"384",4.78504008974742,23.6357653267128,1,0,0,0,938,0,0,1096
"385",5.68023757087546,39.670078457476,1,0,0,0,637,0,0,1574
"386",4.43161248060412,25.4945273560795,1,0,0,0,215,0,0,1308
"387",3.39510941287506,17.855221648066,1,0,0,0,104,0,0,1308
"388",5.47222022090046,20.8999721832943,1,0,0,0,2986,0,0,852
"389",6.12238429740459,46.0103106935537,1,0,0,0,1253,0,0,1833
"390",4.24046960718338,27.4804919794742,1,0,0,0,792,0,0,1608
"391",4.20258565701353,24.6985259923358,1,0,0,0,526,0,0,1440
"392",4.66226533766061,32.0211003766166,1,0,0,0,1176,0,0,1784
"393",4.71678981790807,34.9534151512162,1,0,0,0,1109,0,0,1763
"394",5.40891877483365,40.2090816950522,1,0,0,0,1042,0,0,1777
"395",4.44305073371568,26.8412401682864,1,0,0,0,216,0,0,1467
"396",4.51403160824395,29.045739954742,1,0,0,0,799,0,0,1560
"397",4.82631487026669,33.2606227921819,1,0,0,0,1076,0,0,1730
"398",4.64620926676825,24.7961457265315,1,0,0,0,129,0,0,1262
"399",6.2703786952734,38.101241837767,1,0,0,0,374,0,0,1429
"400",4.70131701389378,28.098249874959,1,0,0,0,247,0,0,1445
"401",5.99519498650426,34.1109900506308,1,0,0,0,144,0,0,1315
"402",5.23345941625827,28.2212646070112,1,0,0,0,219,0,0,1238
"403",6.2919101593696,37.4863685024177,1,0,0,0,345,0,0,1334
"404",5.44274836569708,32.6775004890448,1,0,0,0,305,0,0,1427
"405",5.78300510683313,34.3906762404714,1,0,0,0,133,0,0,1407
"406",3.43709158729042,9.60516788975818,1,0,0,0,3340,0,0,778
"407",5.31042594993336,27.6029018850359,1,0,0,0,809,0,0,1155
"408",6.30122893573635,26.3399604933965,1,0,0,0,2755,0,0,913
"409",3.8706549286862,20.0276337048213,1,0,0,0,177,0,0,1185
"410",5.95784968098363,34.696020239558,1,0,0,0,290,0,0,1321
"411",4.17612888338419,23.1316633144829,1,0,0,0,355,0,0,1395
"412",6.03207098611931,34.3655802483667,1,0,0,0,79,0,0,1290
"413",4.81967971676282,26.3126918118026,1,0,0,0,606,0,0,1136
"414",4.58512686367772,24.886137114936,1,0,0,0,461,0,0,1200
"415",4.46749229166008,19.8276100166823,1,0,0,0,1620,0,0,954
"416",5.65222716975922,34.4586686442292,1,0,0,0,255,0,0,1460
"417",3.845614208264,19.2511812152324,1,0,0,0,481,0,0,1114
"418",6.4436533875561,40.1129055913639,1,0,0,0,216,0,0,1444
"419",5.52787588019795,34.0192951183357,1,0,0,0,211,0,0,1394
"420",4.2268838495091,19.7958387848301,1,0,0,0,1286,0,0,1026
"421",4.90862622949591,26.0601717866205,1,0,0,0,502,0,0,1185
"422",3.2338251937408,16.1952976277745,1,0,0,0,940,0,0,1035
"423",6.28264182946307,36.2689294060219,1,0,0,0,137,0,0,1302
"424",4.63484880354397,19.2092832433067,1,0,0,0,2170,0,0,937
"425",4.87263963411181,29.11070052032,1,0,0,0,182,0,0,1403
"426",4.30992978835356,18.9654641343375,1,0,0,0,1564,0,0,931
"427",5.17179975852875,23.8738604182849,1,0,0,0,1752,0,0,1003
"428",5.63142723223781,32.3138778589664,1,0,0,0,81,0,0,1286
"429",5.27481160421097,24.7686484891542,1,0,0,0,1664,0,0,1010
"430",5.19680459597414,22.9403885692275,1,0,0,0,1770,0,0,991
"431",3.84405064798237,22.4477372543446,1,0,0,0,245,0,0,1405
"432",5.22068756635827,27.4679051249139,1,0,0,0,326,0,0,1253
"433",5.27789822973877,29.8250979551258,1,0,0,0,334,0,0,1298
"434",3.75014970821691,13.1279120492802,1,0,0,0,2580,0,0,851
"435",4.34463116156922,25.5799386426975,1,0,0,0,60,0,0,1289
"436",3.23875571648687,16.827388957348,1,0,0,0,44,0,0,1213
"437",3.46720958204739,13.2488991043917,1,0,0,0,2336,0,0,847
"438",6.05784645273601,33.2803916049508,1,0,0,0,632,0,0,1229
"439",4.11847390323921,23.1808322789803,1,0,0,0,223,0,0,1312
"440",4.25529680218347,25.4979057096757,1,0,0,0,378,0,0,1430
"441",4.79432816586791,24.0758873370116,1,0,0,0,836,0,0,1147
"442",4.40902123718436,23.2233789662548,1,0,0,0,380,0,0,1246
"443",4.79620185204294,26.5721391841135,1,0,0,0,149,0,0,1341
"444",2.71861980055543,14.6462747555646,1,0,0,0,438,0,0,1345
"445",7.20148932180288,41.7845469815604,1,0,0,0,469,0,0,1285
"446",5.89878678366504,33.7857167596305,1,0,0,0,433,0,0,1297
"447",6.34070267772888,34.8894086094274,1,0,0,0,434,0,0,1263
"448",5.30922915508644,28.9683376222387,1,0,0,0,547,0,0,1218
"449",6.75488206371742,41.2893006981736,1,0,0,0,97,0,0,1407
"450",6.03364615363131,34.9731361368469,1,0,0,0,302,0,0,1276
"451",4.16325512275349,20.0923662690887,1,0,0,0,1088,0,0,1105
"452",6.25572707903787,34.6119788206282,1,0,0,0,729,0,0,1204
"453",3.61271338975483,12.6394956038158,1,0,0,0,2736,0,0,822
"454",3.26118127893114,8.81034780495463,1,0,0,0,3252,0,0,778
"455",4.15981618244605,21.4744177041272,1,0,0,0,555,0,0,1155
"456",5.95701282708586,36.3361590198951,1,0,0,0,288,0,0,1416
"457",4.35959983726709,23.3524099187028,1,0,0,0,320,0,0,1242
"458",5.54730034226107,28.4563613970035,1,0,0,0,1021,0,0,1141
"459",3.65473473287495,20.5876864600202,1,0,0,0,389,0,0,1396
"460",3.18310185261852,13.7857225758949,1,0,0,0,1224,0,0,947
"461",4.56461677322505,24.6444887911462,1,0,0,0,231,0,0,1240
"462",4.99862002209464,30.5862527193884,1,0,0,0,327,0,0,1410
"463",6.66745294636298,39.5214902420624,1,0,0,0,178,0,0,1399
"464",3.5797591525422,18.531161306498,1,0,0,0,114,0,0,1290
"465",4.61327345550329,28.1212524963328,1,0,0,0,122,0,0,1435
"466",4.93103352407391,28.4038167543905,1,0,0,0,35,0,0,1348
"467",6.52498916903498,34.7174472200278,1,0,0,0,736,0,0,1181
"468",5.35733505153746,27.4886079118961,1,0,0,0,485,0,0,1180
"469",4.94943840802241,22.0921589987003,1,0,0,0,1826,0,0,983
"470",5.88756312429661,33.4835016839288,1,0,0,0,89,0,0,1424
"471",4.29843715147596,24.4137790122923,1,0,0,0,50,0,0,1328
"472",4.18523222849643,24.746275757444,1,0,0,0,34,0,0,1289
"473",5.59490579149031,27.1571835520015,1,0,0,0,1256,0,0,1037
"474",4.88924475302069,28.2962018115297,1,0,0,0,64,0,0,1358
"475",5.48563076134716,27.8385051939361,1,0,0,0,894,0,0,1154
"476",3.57619961472175,19.0243554927581,1,0,0,0,461,0,0,1414
"477",4.83776271288478,27.5794511610498,1,0,0,0,193,0,0,1319
"478",5.05572744815088,31.8903365976931,1,0,0,0,261,0,0,1381
"479",4.56869798782821,21.4250925526528,1,0,0,0,1344,0,0,1009
"480",4.44072881590602,23.2625647054261,1,0,0,0,250,0,0,1219
"481",4.00479763506945,21.2310019831382,1,0,0,0,447,0,0,1208
"482",5.23176310130677,27.6049408950421,1,0,0,0,853,0,0,1134
"483",5.71990827970455,29.774474903545,1,0,0,0,688,0,0,1224
"484",4.96593138297325,27.578076789924,1,0,0,0,42,0,0,1301
"485",4.95084540537429,19.5385147389715,1,0,0,0,3324,0,0,830
"486",4.86385561842739,22.8373844138551,1,0,0,0,1440,0,0,987
"487",5.95873558059299,33.0277406829272,1,0,0,0,93,0,0,1277
"488",5.88174912268151,30.1075494597701,1,0,0,0,897,0,0,1124
"489",4.13017224982541,15.1655958503564,1,0,0,0,2468,0,0,867
"490",4.50832086089984,22.1081544257749,1,0,0,0,915,0,0,1043
"491",4.82897539165518,22.8285670192313,1,0,0,0,958,0,0,1071
"492",3.76163370655557,11.1873946285892,1,0,0,0,4040,0,0,778
"493",3.38784959644506,16.0958507236105,1,0,0,0,450,0,0,1109
"494",4.81292094325492,25.5830772622386,1,0,0,0,765,0,0,1132
"495",5.33748308266961,29.376907783921,1,0,0,0,388,0,0,1246
"496",4.21441456771003,19.6485225428137,1,0,0,0,1157,0,0,1048
"497",4.80241709469856,22.9481841367121,1,0,0,0,1150,0,0,1031
"498",5.82087566522412,32.8488317006417,1,0,0,0,32,0,0,1356
"499",4.48044338380457,17.4107785826532,1,0,0,0,2785,0,0,850
"500",4.38104001630404,24.8651854398914,1,0,0,0,154,0,0,1246
"501",5.98532833436181,33.9764339623138,1,0,0,0,381,0,0,1261
"502",3.7246855109046,18.8747574384683,1,0,0,0,481,0,0,1146
"503",5.12919468848698,25.6655500193917,1,0,0,0,1002,0,0,1078
"504",5.95887947601891,36.081622660291,1,0,0,0,430,0,0,1433
"505",5.51398222091568,26.8238343598362,1,0,0,0,968,0,0,1118
"506",4.63611894585979,26.1053398338174,1,0,0,0,18,0,0,1267
"507",4.85293224970744,21.4286261701727,1,0,0,0,1956,0,0,938
"508",5.56996344025899,24.5843161455711,1,0,0,0,2058,0,0,975
"509",5.66301344677498,32.7819922573771,1,0,0,0,504,0,0,1199
"510",5.75683646971904,35.628280997724,1,0,0,0,123,0,0,1359
"511",3.6266396696842,16.8894592522075,1,0,0,0,859,0,0,1021
"512",5.68422719215696,31.9495773446608,1,0,0,0,77,0,0,1399
"513",5.75711629760546,34.9406281410478,1,0,0,0,76,0,0,1423
"514",3.53387733873503,20.3512158934772,1,0,0,0,67,0,0,1325
"515",4.87942405009106,23.2884560873877,1,0,0,0,1045,0,0,1064
"516",6.09887810682036,35.4381977150346,1,0,0,0,80,0,0,1285
"517",5.47749857971638,29.1556825843363,1,0,0,0,641,0,0,1220
"518",5.71285336161358,35.3617816113054,1,0,0,0,316,0,0,1447
"519",3.69647677537056,12.8585198747591,1,0,0,0,3035,0,0,796
"520",5.28724649379264,29.3679761985827,1,0,0,0,174,0,0,1295
"521",3.70815554441352,17.953875664311,1,0,0,0,942,0,0,1030
"522",5.84754132406305,34.015324558477,1,0,0,0,12,0,0,1397
"523",4.34134774658783,23.4559027931588,1,0,0,0,152,0,0,1255
"524",4.12048238172097,17.8025514654288,1,0,0,0,1421,0,0,962
"525",3.1652498840548,18.3241420361766,1,0,0,0,460,0,0,1345
"526",4.59467558191932,27.2474327441349,1,0,0,0,191,0,0,1409
"527",5.74519414985255,32.3570448240996,1,0,0,0,302,0,0,1219
"528",5.38417581419928,25.9655883108602,1,0,0,0,1115,0,0,1063
"529",3.21855555055448,11.1709865419098,1,0,0,0,2723,0,0,806
"530",4.83878424297216,26.0339139771869,1,0,0,0,212,0,0,1343
"531",5.74956015808109,27.441852619568,1,0,0,0,1408,0,0,994
"532",6.58378321934912,38.0689392560227,1,0,0,0,193,0,0,1289
"533",2.74085079792854,13.8270404477821,1,0,0,0,130,0,0,1133
"534",2.95697585808199,16.361616528804,1,0,0,0,503,0,0,1344
"535",4.74753991892505,27.0122557882102,1,0,0,0,452,0,0,1260
"536",4.99329856553293,28.377194383672,1,0,0,0,579,0,0,1229
"537",4.48197470293166,18.636817402659,1,0,0,0,2209,0,0,902
"538",3.64708543298872,16.5953885145262,1,0,0,0,1243,0,0,975
"539",3.67418625516477,18.3020030524936,1,0,0,0,251,0,0,1162
"540",5.66725132664379,29.7083664874168,1,0,0,0,686,0,0,1156
"541",5.27052637528188,30.1090563930094,1,0,0,0,516,0,0,1251
"542",4.43267519062904,23.364667316301,1,0,0,0,736,0,0,1094
"543",4.08558795876322,20.4361924652069,1,0,0,0,543,0,0,1162
"544",4.26544836292897,22.3601742749018,1,0,0,0,640,0,0,1137
"545",5.08006793493795,22.1220635947046,1,0,0,0,2439,0,0,910
"546",4.63857552926049,25.5428996956641,1,0,0,0,45,0,0,1303
"547",3.56201123899422,21.1512494720596,1,0,0,0,475,0,0,1398
"548",5.94828727260077,35.3996743159808,1,0,0,0,51,0,0,1378
"549",3.72798170058707,20.5501112240581,1,0,0,0,196,0,0,1184
"550",4.19271517186751,21.0675510670314,1,0,0,0,1250,0,0,1014
"551",4.60013995219638,23.5722214913822,1,0,0,0,495,0,0,1175
"552",5.10699332147735,29.5473772506242,1,0,0,0,409,0,0,1240
"553",3.86650418339081,16.6117032795831,1,0,0,0,1264,0,0,905
"554",6.14496781853233,35.8170059315747,1,0,0,0,72,0,0,1373
"555",3.46379120210758,15.2525314924224,1,0,0,0,1352,0,0,953
"556",4.68718061137452,15.7099623247667,1,0,0,0,3532,0,0,818
"557",5.26437990890224,27.0828929939307,1,0,0,0,717,0,0,1168
"558",5.05878863577421,30.1398553377619,1,0,0,0,42,0,0,1405
"559",5.68064245938451,30.902660433763,1,0,0,0,679,0,0,1173
"560",4.20793295111715,23.6858490224526,1,0,0,0,54,0,0,1323
"561",7.0910314752168,43.8658924103506,1,0,0,0,165,0,0,1453
"562",2.43404461401113,13.1156575694564,1,0,0,0,718,0,0,1424
"563",4.38211234816616,20.2781722168291,1,0,0,0,1177,0,0,982
"564",4.87998045955016,27.6098118928904,1,0,0,0,169,0,0,1359
"565",5.66978318493657,32.3443625681476,1,0,0,0,106,0,0,1327
"566",3.94976912135351,21.6022234716971,1,0,0,0,175,0,0,1218
"567",4.64456388782601,25.9428103185506,1,0,0,0,163,0,0,1278
"568",5.01935022524641,23.0003521968639,1,0,0,0,1536,0,0,1016
"569",3.71123168615941,16.5987700860849,1,0,0,0,1203,0,0,989
"570",3.71699978767508,16.9449705338455,1,0,0,0,837,0,0,993
"571",4.62753247275253,25.797955337743,1,0,0,0,352,0,0,1406
"572",5.91975804250246,31.3210290717206,1,0,0,0,355,0,0,1319
"573",4.64128442570312,21.4082370136887,1,0,0,0,1332,0,0,986
"574",4.99832845936375,21.4384880573208,1,0,0,0,2220,0,0,916
"575",4.4860127098086,26.4695264502322,1,0,0,0,207,0,0,1323
"576",6.23889976949734,37.3685631644876,1,0,0,0,272,0,0,1449
"577",5.17534762840778,28.2885059394038,1,0,0,0,706,0,0,1178
"578",5.79642669865767,35.8656873613388,1,0,0,0,159,0,0,1357
"579",4.7120443184262,18.7021636014255,1,0,0,0,2646,0,0,899
"580",3.99273297050641,18.395560499613,1,0,0,0,951,0,0,1053
"581",5.18811788251843,25.3826768163554,1,0,0,0,928,0,0,1148
"582",4.5544155728746,23.9802469558627,1,0,0,0,12,0,0,1306
"583",5.4279853509954,30.0981539552534,1,0,0,0,239,0,0,1250
"584",3.61761456366189,15.1689813705109,1,0,0,0,1633,0,0,914
"585",3.55748286603546,20.1278658423833,1,0,0,0,375,0,0,1372
"586",4.65328337579571,23.4813792313602,1,0,0,0,915,0,0,1160
"587",6.3932740957943,39.8056156482521,1,0,0,0,115,0,0,1422
"588",3.45765717932993,15.0419282939335,1,0,0,0,1080,0,0,946
"589",3.71300464714612,21.7196888358504,1,0,0,0,189,0,0,1326
"590",4.17204896017275,24.5584405653736,1,0,0,0,224,0,0,1319
"591",4.59715248967164,27.607999803083,1,0,0,0,337,0,0,1423
"592",4.69925407066999,24.9077688191428,1,0,0,0,609,0,0,1179
"593",5.96184837608395,32.963750426149,1,0,0,0,221,0,0,1233
"594",5.12603216543094,24.1582304534112,1,0,0,0,1081,0,0,1031
"595",5.28270971785056,30.2824545953164,1,0,0,0,177,0,0,1280
"596",4.14924397327398,20.8833182722882,1,0,0,0,343,0,0,1152
"597",4.05433398864693,22.9770014720254,1,0,0,0,64,0,0,1332
"598",3.88168243790779,22.4092325192069,1,0,0,0,179,0,0,1341
"599",5.1661826437866,21.6063768519709,1,0,0,0,1480,0,0,1009
"600",5.73181957501,32.3829434757998,1,0,0,0,449,0,0,1194
"601",4.04288516287602,18.6138871490093,1,0,0,0,1059,0,0,1027
"602",4.5214072374488,22.9328613575476,1,0,0,0,876,0,0,1051
"603",5.56730107165879,24.6224727958681,1,0,0,0,2303,0,0,923
"604",4.9310585631346,24.1960433006389,1,0,0,0,1127,0,0,1032
"605",3.87661444644649,19.0090631063555,1,0,0,0,893,0,0,1045
"606",4.43482084204427,23.0684644041565,1,0,0,0,392,0,0,1179
"607",3.50149499259052,17.8292272947588,1,0,0,0,491,0,0,1158
"608",5.35475924432629,28.2282552965206,1,0,0,0,382,0,0,1178
"609",4.28092494627817,22.2164220946098,1,0,0,0,629,0,0,1132
"610",4.85419788786621,25.3526538932419,1,0,0,0,813,0,0,1139
"611",3.87667032748428,18.2324677983232,1,0,0,0,1469,0,0,953
"612",5.20780778067596,24.66056098902,1,0,0,0,997,0,0,1097
"613",3.50424685633627,11.7659873414112,1,0,0,0,2942,0,0,797
"614",3.93966981283137,14.5102567504047,1,0,0,0,2563,0,0,827
"615",5.83252778830843,31.846562985818,1,0,0,0,621,0,0,1167
"616",5.31172466820545,27.6655166685222,1,0,0,0,672,0,0,1191
"617",2.8758286154961,6.8602953401721,1,0,0,0,3529,0,0,778
"618",3.64496233919433,15.5412569817035,1,0,0,0,1777,0,0,933
"619",5.47591551600176,29.2822109078584,1,0,0,0,814,0,0,1159
"620",3.32060612220829,15.5968791282453,1,0,0,0,444,0,0,1141
"621",5.08663101705338,24.9166732044629,1,0,0,0,922,0,0,1136
"622",5.74138013771571,28.6866721108146,1,0,0,0,821,0,0,1147
"623",5.20923154488881,26.0587234044361,1,0,0,0,1409,0,0,1009
"624",5.83780780445915,28.9516687234199,1,0,0,0,1134,0,0,1042
"625",4.95991976769631,25.0970085738479,1,0,0,0,805,0,0,1127
"626",3.66603664726801,13.2964269457063,1,0,0,0,2237,0,0,853
"627",5.0568919147919,24.4961672924494,1,0,0,0,1505,0,0,981
"628",3.99126110935641,19.7980359755808,1,0,0,0,466,0,0,1134
"629",5.03779741795347,24.8221045459224,1,0,0,0,1413,0,0,1000
"630",4.61433529498171,22.347487928091,1,0,0,0,1133,0,0,1034
"631",5.87180359978205,32.668407755213,1,0,0,0,800,0,0,1201
"632",5.57076446488528,31.5115741825919,1,0,0,0,507,0,0,1192
"633",4.44143411099146,22.5006921177982,1,0,0,0,996,0,0,1046
"634",5.67625614368372,26.2852963302948,1,0,0,0,1944,0,0,984
"635",5.19727499613151,23.8058136137314,1,0,0,0,1903,0,0,955
"636",3.54586166068035,11.5590840134286,1,0,0,0,2882,0,0,788
"637",3.71266325401678,17.7881358303465,1,0,0,0,1300,0,0,987
"638",4.03909734050895,20.8067518590646,1,0,0,0,617,0,0,1135
"639",3.49863303139343,15.8072040841027,1,0,0,0,970,0,0,983
"640",4.53995878973915,20.0691489997457,1,0,0,0,1753,0,0,977
"641",4.50277746059952,19.0482152846274,1,0,0,0,1893,0,0,903
"642",4.80644157444487,25.3187610240805,1,0,0,0,728,0,0,1071
"643",3.59462019018381,14.1606146471311,1,0,0,0,2329,0,0,863
"644",5.32706102594948,27.9217658326027,1,0,0,0,688,0,0,1124
"645",4.30951053112682,18.8216370677234,1,0,0,0,1528,0,0,994
"646",5.07139959716805,21.6365333967204,1,0,0,0,2119,0,0,942
"647",4.21339494816172,21.4099213251105,1,0,0,0,607,0,0,1217
"648",4.11172807187434,18.1157567166892,1,0,0,0,1634,0,0,960
"649",4.96249675137303,23.3409975603827,1,0,0,0,1263,0,0,1025
"650",4.70125320320337,26.4235047257044,1,0,0,0,416,0,0,1211
"651",3.75265461675369,19.782154035171,1,0,0,0,80,0,0,1210
"652",4.10117497759471,16.3955186565076,1,0,0,0,2416,0,0,870
"653",4.71972875540955,25.4308056539702,1,0,0,0,718,0,0,1190
"654",3.68774166440596,12.9255063243439,1,0,0,0,2432,0,0,826
"655",3.47839220194726,17.3755595867653,1,0,0,0,679,0,0,1094
"656",4.29738277798768,19.3006625548396,1,0,0,0,881,0,0,1028
"657",4.32376814019909,20.5387344081603,1,0,0,0,1546,0,0,976
"658",6.37440311853574,32.3570164010722,1,0,0,0,1262,0,0,1109
"659",2.52314951999368,9.48313022509043,1,0,0,0,1452,0,0,854
"660",5.09152166188558,24.9174203032182,1,0,0,0,1385,0,0,1032
"661",6.48194677787755,33.2426190691059,1,0,0,0,1176,0,0,1063
"662",6.21903892562117,32.3641481731672,1,0,0,0,982,0,0,1131
"663",3.28066955303773,13.6893360363466,1,0,0,0,1096,0,0,939
"664",5.36121543631932,22.5767000489979,1,0,0,0,2550,0,0,930
"665",3.91368396257676,19.8843305235023,1,0,0,0,698,0,0,1068
"666",5.17152235287277,26.1738499428729,1,0,0,0,1167,0,0,1063
"667",4.68965132275353,22.7457422349587,1,0,0,0,1512,0,0,970
"668",4.57235013780255,23.9420488127137,1,0,0,0,411,0,0,1170
"669",5.48421666181552,27.9011675332936,1,0,0,0,886,0,0,1153
"670",4.49223041067375,20.1570785241616,1,0,0,0,2241,0,0,921
"671",2.95461224861254,9.51670030834719,1,0,0,0,2600,0,0,786
"672",2.93790300005373,10.3829920121267,1,0,0,0,2138,0,0,803
"673",3.91780162305992,17.9194614349971,1,0,0,0,1055,0,0,1014
"674",3.98167414424639,18.6257745558806,1,0,0,0,1088,0,0,1034
"675",3.07869496770854,12.1039315503272,1,0,0,0,1470,0,0,878
"676",5.62997381595436,29.9636107622309,1,0,0,0,668,0,0,1184
"677",5.07387330553669,26.490967407678,1,0,0,0,562,0,0,1184
"678",2.83497590748416,11.50415220013,1,0,0,0,1510,0,0,888
"679",4.40718627986315,22.1873719176247,1,0,0,0,510,0,0,1151
"680",3.50240877718786,15.0167473698192,1,0,0,0,1194,0,0,936
"681",4.45597270922168,23.1623520923838,1,0,0,0,710,0,0,1105
"682",5.69704403088069,26.7111329087319,1,0,0,0,1455,0,0,1044
"683",4.92828738663681,22.957688350567,1,0,0,0,1342,0,0,993
"684",3.86956535355404,15.1811170585763,1,0,0,0,1700,0,0,928
"685",5.45236347214012,29.7123882634179,1,0,0,0,507,0,0,1166
"686",4.12967071182594,20.5856032892446,1,0,0,0,1048,0,0,1074
"687",4.80288372327489,23.9136918198992,1,0,0,0,1105,0,0,1077
"688",4.18633853495285,21.8818251246577,1,0,0,0,582,0,0,1119
"689",4.17580682927668,20.1646409016268,1,0,0,0,997,0,0,1028
"690",5.32313643598589,25.8985246977667,1,0,0,0,646,0,0,1170
"691",4.78315911974987,26.4498833560296,1,0,0,0,748,0,0,1173
"692",5.9698801802907,31.8576312571816,1,0,0,0,529,0,0,1187
"693",3.89442165474729,18.9821982875607,1,0,0,0,976,0,0,1054
"694",6.22310206435665,33.252314128453,1,0,0,0,770,0,0,1186
"695",4.796741648156,21.140747541372,1,0,0,0,1653,0,0,994
"696",5.11328223667071,28.0462101955121,1,0,0,0,651,0,0,1212
"697",3.33960783919272,13.8737205460496,1,0,0,0,1545,0,0,929
"698",4.41923409989507,20.7878231518562,1,0,0,0,1262,0,0,993
"699",4.70476030871717,24.3414775727337,1,0,0,0,769,0,0,1095
"700",3.853680631591,15.6206784081188,1,0,0,0,2072,0,0,895
"701",5.13851127779295,26.6966359234499,1,0,0,0,928,0,0,1095
"702",4.69002959110028,22.9168562452367,1,0,0,0,560,0,0,1165
"703",5.43645568380462,23.7672481053241,1,0,0,0,1990,0,0,970
"704",4.0676327507011,21.9282893061932,1,0,0,0,382,0,0,1180
"705",4.54498937157509,23.8702484873355,1,0,0,0,455,0,0,1155
"706",3.73073356556727,17.2019665395278,1,0,0,0,998,0,0,1039
"707",5.02056413004232,27.0427296026997,1,0,0,0,860,0,0,1131
"708",4.29417778690007,18.79280916719,1,0,0,0,1914,0,0,949
"709",4.09393071103871,20.6423749914027,1,0,0,0,834,0,0,1104
"710",3.56305983308654,18.2210628411154,1,0,0,0,336,0,0,1132
"711",3.31956814515501,13.2146734205021,1,0,0,0,1647,0,0,925
"712",5.05631792329333,24.0502922287738,1,0,0,0,1761,0,0,969
"713",5.25980419151038,21.4398366529323,1,0,0,0,2741,0,0,857
"714",5.50130926259473,29.4908075243023,1,0,0,0,1342,0,0,1061
"715",3.77626425654923,17.9428898478883,1,0,0,0,771,0,0,1043
"716",5.3327756226505,26.8879443481472,1,0,0,0,628,0,0,1134
"717",5.14753732748988,26.7590553188928,1,0,0,0,460,0,0,1208
"718",5.41657375398459,29.4011656543527,1,0,0,0,610,0,0,1183
"719",3.7681832006858,16.6938873682698,1,0,0,0,1072,0,0,1013
"720",4.51912297341886,24.49205600876,1,0,0,0,512,0,0,1186
"721",4.66602282181948,18.6479535040751,1,0,0,0,2473,0,0,871
"722",4.37968439230143,19.6094941317914,1,0,0,0,1352,0,0,1022
"723",3.97656267058971,18.3384368085642,1,0,0,0,871,0,0,1014
"724",3.74804891244188,19.6140193644618,1,0,0,0,233,0,0,1180
"725",4.83688364482356,24.7938451199988,1,0,0,0,779,0,0,1079
"726",3.80645289101601,19.5527871982776,1,0,0,0,560,0,0,1130
"727",4.20310217186717,21.2513741737031,1,0,0,0,575,0,0,1151
"728",5.52937086938325,26.145389287063,1,0,0,0,1363,0,0,996
"729",5.26599644300717,27.1333340748967,1,0,0,0,784,0,0,1120
"730",3.63742193036438,13.5441417253233,1,0,0,0,2399,0,0,854
"731",5.15722083854453,22.4442454644476,1,0,0,0,1300,0,0,998
"732",3.98571700502292,18.7656179617731,1,0,0,0,804,0,0,1066
"733",5.34575215103816,26.4298656882579,1,0,0,0,1347,0,0,1031
"734",5.55718066844526,29.7412805039456,1,0,0,0,1085,0,0,1092
"735",4.06500674619299,16.3760558220948,1,0,0,0,1787,0,0,879
"736",4.02912021052688,15.9929301722401,1,0,0,0,2596,0,0,850
"737",6.00801165175345,34.7495061412239,1,0,0,0,708,0,0,1190
"738",4.79983510993277,23.213185020135,1,0,0,0,989,0,0,1077
"739",5.81881040252308,25.7742588981498,1,0,0,0,2123,0,0,944
"740",5.65178867072592,27.0108575594291,1,0,0,0,1322,0,0,1061
"741",4.176947390943,17.3262080179854,1,0,0,0,1817,0,0,906
"742",4.75576871958537,24.1010234446077,1,0,0,0,943,0,0,1045
"743",5.77072229985481,28.6375007222747,1,0,0,0,1235,0,0,1035
"744",5.60581406060213,29.7176183913489,1,0,0,0,728,0,0,1156
"745",2.75205965833667,10.333801160652,1,0,0,0,1419,0,0,881
"746",3.93655102695231,18.2750382246937,1,0,0,0,837,0,0,1056
"747",4.88115602436395,22.6304257638939,1,0,0,0,1596,0,0,986
"748",3.96126745241676,19.3557484018152,1,0,0,0,481,0,0,1090
"749",4.79223781265607,19.4958179100705,1,0,0,0,3006,0,0,835
"750",4.70405232127908,21.5205770349701,1,0,0,0,1183,0,0,1014
"751",5.094861736485,23.695635373594,1,0,0,0,2034,0,0,943
"752",5.14159341131048,25.1448133506568,1,0,0,0,1234,0,0,1034
"753",4.64824175833348,21.2237598842012,1,0,0,0,1520,0,0,982
"754",6.23618893675835,34.0697232856443,1,0,0,0,802,0,0,1186
"755",5.09683043096107,23.1807257038289,1,0,0,0,1148,0,0,1022
"756",4.28952149436164,14.102569312651,1,0,0,0,3904,0,0,792
"757",5.0259403441593,26.3800812328819,1,0,0,0,180,0,0,1209
"758",3.9441483013559,16.58050376433,1,0,0,0,1273,0,0,972
"759",4.34957232935717,22.2048033055185,1,0,0,0,703,0,0,1102
"760",4.74198049838431,25.1791315943462,1,0,0,0,701,0,0,1201
"761",6.20548264683223,28.0809249893647,1,0,0,0,2268,0,0,944
"762",5.94246269236725,33.0028920338472,1,0,0,0,707,0,0,1180
"763",5.29190872856573,28.1672126144679,1,0,0,0,462,0,0,1203
"764",2.91606387755762,14.9893049748909,1,0,0,0,5,0,0,1194
"765",5.95736578119907,32.0327864358283,1,0,0,0,701,0,0,1140
"766",5.41520768006905,27.9594847814782,1,0,0,0,662,0,0,1153
"767",3.22834091396062,13.6509025120955,1,0,0,0,1605,0,0,934
"768",4.47484593258916,25.7723172401988,1,0,0,0,373,0,0,1150
"769",2.56858756596098,10.8688287067545,1,0,0,0,490,0,0,968
"770",4.94204562032328,25.0824393056725,1,0,0,0,922,0,0,1159
"771",3.9023926354979,19.7096635752849,1,0,0,0,437,0,0,1105
"772",4.46888265645771,22.6535548847555,1,0,0,0,579,0,0,1119
"773",5.25657800783712,26.0524663682592,1,0,0,0,1297,0,0,1058
"774",3.14935345200487,11.8341815904758,1,0,0,0,1802,0,0,869
"775",5.69885084417111,32.8884713619477,1,0,0,0,542,0,0,1198
"776",3.32608261072813,16.375444893352,1,0,0,0,476,0,0,1082
"777",5.02899928329489,22.6710731007931,1,0,0,0,1911,0,0,984
"778",6.38296509516494,33.7095366458423,1,0,0,0,822,0,0,1205
"779",3.84889441629947,19.8365906560833,1,0,0,0,457,0,0,1140
"780",5.14040053201748,24.2763522437102,1,0,0,0,999,0,0,1029
"781",3.96818728504705,19.0817354676622,1,0,0,0,679,0,0,1106
"782",3.58505884084641,15.4889995068073,1,0,0,0,1113,0,0,934
"783",5.49698408627843,30.4176760956184,1,0,0,0,567,0,0,1200
"784",4.42235843867492,23.2709502533656,1,0,0,0,658,0,0,1143
"785",4.56573637401906,22.6448572677448,1,0,0,0,712,0,0,1125
"786",4.62754299661311,19.5588697882239,1,0,0,0,2507,0,0,914
"787",4.51844598106315,24.2494140157738,1,0,0,0,315,0,0,1219
"788",5.1561151719697,26.9551848475803,1,0,0,0,671,0,0,1195
"789",6.38920152259287,36.1609108092194,1,0,0,0,731,0,0,1208
"790",4.13170661564749,18.0640287336877,1,0,0,0,2047,0,0,932
"791",4.20018145834922,22.7357754975882,1,0,0,0,430,0,0,1184
"792",4.52113435369381,22.3986352776071,1,0,0,0,1285,0,0,1033
"793",2.57615974419326,7.86872266692151,1,0,0,0,2401,0,0,778
"794",3.67712438961348,17.4237545263637,1,0,0,0,683,0,0,1051
"795",4.09934864054447,18.8287698899669,1,0,0,0,1004,0,0,1044
"796",5.22631376851523,26.4205056942056,1,0,0,0,1019,0,0,1105
"797",4.38529018050702,22.6896304943735,1,0,0,0,783,0,0,1117
"798",4.83172387174619,25.0612739671344,1,0,0,0,1029,0,0,1060
"799",5.98305246861224,31.2140767939402,1,0,0,0,911,0,0,1097
"800",6.17225639168124,29.7335771731841,1,0,0,0,1416,0,0,1045
"801",4.08768046912725,19.7705895916134,1,0,0,0,1064,0,0,1013
"802",5.17358106887814,24.3144248880626,1,0,0,0,1744,0,0,984
"803",3.18819620317652,10.9091769397812,1,0,0,0,2364,0,0,778
"804",3.45794730103384,15.6400275513229,1,0,0,0,884,0,0,999
"805",3.64854458684875,15.6883933702174,1,0,0,0,1366,0,0,938
"806",4.30025668409961,18.4502699295796,1,0,0,0,2236,0,0,897
"807",4.81576926617516,22.1768162781331,1,0,0,0,1721,0,0,990
"808",5.05634751312541,23.6413488263292,1,0,0,0,1427,0,0,1017
"809",2.64250430177317,8.16479219767852,1,0,0,0,2563,0,0,778
"810",4.62638711077891,20.6291302752985,1,0,0,0,1973,0,0,927
"811",3.32538631441507,13.0990799007854,1,0,0,0,1721,0,0,882
"812",4.59857364108971,21.6851746294781,1,0,0,0,1228,0,0,1008
"813",2.25740573472511,7.07734451488904,1,0,0,0,1382,0,0,801
"814",2.74944669678575,9.01044364116281,1,0,0,0,2245,0,0,791
"815",5.1248230106054,23.1765341040751,1,0,0,0,1704,0,0,1003
"816",4.94791042145993,24.8337072280987,1,0,0,0,1116,0,0,1046
"817",3.75424230384842,16.1523419122527,1,0,0,0,1513,0,0,965
"818",2.93789852742673,10.2117861457601,1,0,0,0,1855,0,0,867
"819",3.39107245818685,14.2546343431329,1,0,0,0,1081,0,0,960
"820",3.75791104372697,16.4687106038861,1,0,0,0,1543,0,0,976
"821",4.79103900305105,21.7432617318408,1,0,0,0,1125,0,0,1037
"822",3.98267764258526,18.8129341626659,1,0,0,0,1066,0,0,1033
"823",4.11586901566991,17.2273397112349,1,0,0,0,2458,0,0,891
"824",3.12593872118413,8.85869504022187,1,0,0,0,3348,0,0,778
"825",3.79386734097827,16.762392209686,1,0,0,0,1112,0,0,969
"826",4.75802987123414,22.489200598992,1,0,0,0,1471,0,0,1014
"827",5.6056972286949,27.3968781789757,1,0,0,0,1373,0,0,1031
"828",4.28715982286549,19.2530306935384,1,0,0,0,1406,0,0,959
"829",4.52333504325095,21.188284089918,1,0,0,0,1173,0,0,978
"830",3.65483220296321,16.4018987870199,1,0,0,0,1171,0,0,954
"831",4.08337808707171,18.2490833298273,1,0,0,0,1489,0,0,998
"832",4.47184369323564,21.3684368839525,1,0,0,0,1298,0,0,996
"833",4.32368825520471,19.6789651944966,1,0,0,0,1744,0,0,953
"834",2.97488910548392,10.933788047705,1,0,0,0,2227,0,0,839
"835",4.10749843821803,18.0211844489225,1,0,0,0,1799,0,0,939
"836",5.11651759249483,25.0185995749361,1,0,0,0,1338,0,0,1039
"837",4.15160219513627,19.7222975239132,1,0,0,0,1076,0,0,1007
"838",3.85015737741695,17.7816602090771,1,0,0,0,1180,0,0,967
"839",3.67858000269291,15.8086006099053,1,0,0,0,983,0,0,980
"840",5.19695979052296,23.2547363457287,1,0,0,0,2354,0,0,928
"841",3.3160612876832,14.0557056067185,1,0,0,0,1082,0,0,970
"842",5.46329837006515,26.0031617891534,1,0,0,0,970,0,0,1053
"843",5.41297416056843,26.389997375728,1,0,0,0,1279,0,0,1032
"844",4.552950705606,19.7008468747625,1,0,0,0,2038,0,0,916
"845",4.94764614616729,22.4849763433503,1,0,0,0,1493,0,0,1018
"846",3.24493397050648,12.1519673683038,1,0,0,0,1713,0,0,856
"847",3.8068327068302,18.4639594717313,1,0,0,0,1047,0,0,999
"848",3.97525707859714,17.9891116388194,1,0,0,0,1181,0,0,1006
"849",2.78796890811929,12.1942782976208,1,0,0,0,654,0,0,991
"850",4.01711249312721,18.7630084538143,1,0,0,0,1162,0,0,991
"851",3.95093975187002,17.6862790104175,1,0,0,0,1681,0,0,979
"852",4.68891961793724,21.4155986046397,1,0,0,0,1418,0,0,960
"853",2.92313564467557,8.92928672408361,1,0,0,0,2895,0,0,778
"854",4.0173285543194,18.5306156501865,1,0,0,0,1357,0,0,1007
"855",4.30311307923351,21.7218631300135,1,0,0,0,742,0,0,1045
"856",4.07206221224572,19.1420305700224,1,0,0,0,1256,0,0,980
"857",4.82840720998804,19.364692439732,1,0,0,0,2914,0,0,869
"858",3.54509549492261,14.9585491069939,1,0,0,0,1727,0,0,927
"859",3.92268145253714,18.0126749497778,1,0,0,0,1114,0,0,1022
"860",4.58421461668062,20.6606999036774,1,0,0,0,2094,0,0,925
"861",3.49715383044872,13.0782851045229,1,0,0,0,2359,0,0,831
"862",5.05891738717234,24.4425897061628,1,0,0,0,1715,0,0,981
"863",4.97726632594077,23.5753693781535,1,0,0,0,1300,0,0,1028
"864",3.90638681204048,16.4713615799175,1,0,0,0,1739,0,0,953
"865",4.49985911583087,21.7448059431464,1,0,0,0,1160,0,0,1049
"866",3.41643344881647,14.3305930260581,1,0,0,0,1723,0,0,921
"867",4.78308293499101,23.9450261572949,1,0,0,0,1110,0,0,1033
"868",5.31067436452814,25.1560403749478,1,0,0,0,1447,0,0,1013
"869",5.91589506008969,27.2379624799183,1,0,0,0,2057,0,0,993
"870",3.85583723476177,18.3627952282743,1,0,0,0,812,0,0,1040
"871",4.92920778960539,21.0070107811677,1,0,0,0,2205,0,0,956
"872",6.26541788916425,29.4312985778873,1,0,0,0,1737,0,0,983
"873",6.15153876497203,28.9648825310991,1,0,0,0,1789,0,0,1023
"874",6.13963577296747,30.1789003816026,1,0,0,0,1384,0,0,1027
"875",5.57180004915574,26.0571133526673,1,0,0,0,1602,0,0,1017
"876",5.49947183836754,26.6672516066781,1,0,0,0,1665,0,0,1007
"877",4.25026063496593,18.7521907166823,1,0,0,0,2153,0,0,902
"878",4.8484261219508,21.5883485915472,1,0,0,0,1885,0,0,939
"879",4.36677188781565,20.8649636420613,1,0,0,0,1178,0,0,984
"880",5.61701202482487,27.5862119069121,1,0,0,0,1531,0,0,1023
"881",3.81539264715823,17.1117616117375,1,0,0,0,1548,0,0,974
"882",3.69773257369433,15.604323189566,1,0,0,0,1608,0,0,941
"883",5.58038489524036,27.1354415090207,1,0,0,0,1558,0,0,1026
"884",4.21719826353566,18.964941395987,1,0,0,0,1524,0,0,980
"885",3.82073288602256,15.0400203654828,1,0,0,0,2116,0,0,895
"886",3.81851093684594,15.5567706800088,1,0,0,0,2021,0,0,908
"887",4.23107127196881,18.1966168355774,1,0,0,0,1845,0,0,956
"888",4.06826522971213,18.3671785126283,1,0,0,0,1539,0,0,959
"889",4.79151336523726,23.0438179514139,1,0,0,0,1162,0,0,1022
"890",4.40606515647207,19.8830282152613,1,0,0,0,1295,0,0,994
"891",4.43583090990429,22.2322957848898,1,0,0,0,1061,0,0,1050
"892",4.32694844985029,21.2348194325681,1,0,0,0,1005,0,0,1041
"893",3.42157452170975,15.5872068591624,1,0,0,0,1166,0,0,985
"894",5.26385004405684,24.2561166456261,1,0,0,0,2093,0,0,956
"895",6.13304113792689,30.2914640126053,1,0,0,0,1244,0,0,1032
"896",4.92137472025481,24.0135910742169,1,0,0,0,1110,0,0,1027
"897",3.71065057597375,16.9045361386825,1,0,0,0,1466,0,0,1002
"898",5.36049112152029,24.0750427267272,1,0,0,0,2506,0,0,913
"899",4.76697997015866,22.5982886273832,1,0,0,0,1441,0,0,981
"900",5.75848702774952,28.1839382131378,1,0,0,0,1386,0,0,1034
"901",2.98294207092243,12.6661082424116,1,0,0,0,1209,0,0,954
"902",4.91452281758712,24.5821118093301,1,0,0,0,1090,0,0,1052
"903",4.6596801783246,20.2332445665039,1,0,0,0,1648,0,0,966
"904",2.02853300143582,6.19176482553156,1,0,0,0,1114,0,0,820
"905",4.46884077159965,21.8892198172114,1,0,0,0,1126,0,0,1038
"906",4.20168374333282,18.2919040912352,1,0,0,0,1461,0,0,951
"907",3.80461856466272,17.4833051645137,1,0,0,0,1297,0,0,964
"908",4.15006540720218,18.3933472556375,1,0,0,0,1427,0,0,943
"909",4.52336661153673,19.7746505951501,1,0,0,0,2174,0,0,895
"910",5.72760491774629,29.4922951648469,1,0,0,0,889,0,0,1031
"911",3.02196507455411,11.2894478013037,1,0,0,0,1969,0,0,837
"912",3.87135553891836,17.8374138436921,1,0,0,0,1799,0,0,948
"913",5.30520992526383,24.610054332102,1,0,0,0,1693,0,0,956
"914",3.86870211927668,17.5980796014178,1,0,0,0,1322,0,0,1003
"915",4.93499699404073,21.6612545120099,1,0,0,0,1908,0,0,950
"916",3.84962634042028,17.8805692622462,1,0,0,0,1342,0,0,971
"917",3.96521993788243,17.726139673024,1,0,0,0,1486,0,0,997
"918",5.53410629332118,26.4548562352819,1,0,0,0,1318,0,0,1040
"919",5.37979608996313,25.096201294623,1,0,0,0,2042,0,0,959
"920",5.14514273996825,20.8301404822948,1,0,0,0,2259,0,0,905
"921",4.58085554340743,21.5455372148135,1,0,0,0,1652,0,0,974
"922",3.73829698954335,14.2296330331511,1,0,0,0,2145,0,0,901
"923",3.88740031547716,14.6139444449944,1,0,0,0,2218,0,0,882
"924",3.95890270723464,16.8362186966714,1,0,0,0,2039,0,0,924
"925",5.18212786075149,23.906823205013,1,0,0,0,2058,0,0,937
"926",4.58936139422884,21.6077183841143,1,0,0,0,1697,0,0,998
"927",4.70762258075479,21.790169994994,1,0,0,0,1988,0,0,948
"928",3.91878611849368,18.6764653948461,1,0,0,0,938,0,0,1037
"929",4.97587480740446,21.461301777905,1,0,0,0,2419,0,0,922
"930",4.26789306473254,21.2322432083586,1,0,0,0,1034,0,0,1030
"931",4.58495194235767,22.4416376043206,1,0,0,0,1142,0,0,1049
"932",5.67946695978548,27.3518832622578,1,0,0,0,2068,0,0,986
"933",3.74934303623643,17.6954400644055,1,0,0,0,1000,0,0,998
"934",3.27192967929366,9.63135792500429,1,0,0,0,3500,0,0,778
"935",5.44425907137679,25.6190132486228,1,0,0,0,1734,0,0,1011
"936",3.48522547746695,12.6842600378501,1,0,0,0,2521,0,0,835
"937",5.86738126728346,29.4242393331985,1,0,0,0,1126,0,0,1046
"938",4.85150192263076,21.9907330380749,1,0,0,0,1895,0,0,968
"939",4.26993741837459,19.5067826126118,1,0,0,0,1749,0,0,972
"940",4.898542858072,23.7773771796841,1,0,0,0,1287,0,0,969
"941",3.49546763963463,14.6849620777897,1,0,0,0,1492,0,0,914
"942",3.66257727414271,17.9416833139241,1,0,0,0,737,0,0,1044
"943",3.53031065568482,14.7786036051454,1,0,0,0,1616,0,0,922
"944",3.57086219539876,14.3612489488112,1,0,0,0,1626,0,0,919
"945",5.05829584928438,24.9152524058413,1,0,0,0,1469,0,0,1043
"946",4.87864538450743,23.0375908172546,1,0,0,0,1632,0,0,952
"947",5.39703160624702,25.2759561101044,1,0,0,0,1601,0,0,1044
"948",5.05705972236746,24.6470894719375,1,0,0,0,1248,0,0,1023
"949",5.91349853779842,26.3253048098927,1,0,0,0,2060,0,0,956
"950",3.50549564330245,14.4321354117367,1,0,0,0,1959,0,0,912
"951",3.79034633423244,17.5801245927796,1,0,0,0,695,0,0,1047
"952",2.85184866383133,10.4391210188225,1,0,0,0,1862,0,0,841
"953",4.74612641239616,17.7218581829313,1,0,0,0,3329,0,0,807
"954",5.53484346716364,24.0569747427318,1,0,0,0,1971,0,0,931
"955",3.99140473040444,18.1864009104072,1,0,0,0,1573,0,0,1007
"956",4.74220029109136,21.7917212227629,1,0,0,0,1439,0,0,976
"957",4.749812587905,19.0288165077607,1,0,0,0,3028,0,0,845
"958",5.58789103275132,27.2348101581585,1,0,0,0,1134,0,0,1024
"959",4.16447087580125,16.7417910711531,1,0,0,0,2499,0,0,849
"960",5.69163499314966,26.3282814441802,1,0,0,0,1995,0,0,1016
"961",3.50968909955636,16.4521777820568,1,0,0,0,635,0,0,1024
"962",3.08997232394161,10.5573725738357,1,0,0,0,2482,0,0,817
"963",4.24923476449558,20.0557322114613,1,0,0,0,809,0,0,1028
"964",4.26174641265409,18.5576419400123,1,0,0,0,1802,0,0,975
"965",4.63466160076686,22.6396636145266,1,0,0,0,1135,0,0,1001
"966",5.11590310566148,23.1565007917324,1,0,0,0,2689,0,0,894
"967",3.50324443077296,16.6968525310128,1,0,0,0,978,0,0,971
"968",4.62462662567359,19.5529104100434,1,0,0,0,1850,0,0,938
"969",6.53249380875092,31.6998969432106,1,0,0,0,1969,0,0,993
"970",5.31186961358911,25.4872143033377,1,0,0,0,1502,0,0,1054
"971",3.91149654319884,16.6331959998608,1,0,0,0,1729,0,0,911
"972",4.70371107036951,22.1235573001202,1,0,0,0,1314,0,0,958
"973",5.40239508233889,24.7029732913724,1,0,0,0,2046,0,0,970
"974",4.89413698053702,23.3245211585221,1,0,0,0,1198,0,0,1006
"975",5.31211416579408,23.5856065528858,1,0,0,0,2325,0,0,911
"976",2.44244781698629,11.291967803206,1,0,0,0,428,0,0,997
"977",3.67450082638036,15.5462006395396,1,0,0,0,2011,0,0,900
"978",4.57436670762982,19.4471665612991,1,0,0,0,2075,0,0,918
"979",5.21058364146921,23.1145986658027,1,0,0,0,1782,0,0,951
"980",4.44934462981974,18.1357327883476,1,0,0,0,2663,0,0,854
"981",4.92288169062378,21.7905103849276,1,0,0,0,1220,0,0,1010
"982",4.89212543987203,23.8365147703313,1,0,0,0,1375,0,0,986
"983",4.52607356393279,20.2291050160486,1,0,0,0,1506,0,0,989
"984",2.78987600195112,11.1951538359807,1,0,0,0,805,0,0,976
"985",4.7092150911604,20.732178479553,1,0,0,0,2294,0,0,934
"986",4.72177076136533,22.2439185427332,1,0,0,0,1048,0,0,1028
"987",3.25413924522829,13.7572319090518,1,0,0,0,1877,0,0,911
"988",5.16689789365353,22.7371421607152,1,0,0,0,2247,0,0,885
"989",3.67972657765901,14.6014251956891,1,0,0,0,2462,0,0,870
"990",3.96410184051795,18.3191404904018,1,0,0,0,1588,0,0,940
"991",4.76791096209901,19.3273637216341,1,0,0,0,2513,0,0,861
"992",5.31828372771981,23.9200787296617,1,0,0,0,1608,0,0,999
"993",2.47561171601626,9.77577001537457,1,0,0,0,948,0,0,918
"994",5.20264412805995,24.1534585770379,1,0,0,0,1501,0,0,1026
"995",5.10895988847591,25.5873600726386,1,0,0,0,1100,0,0,1040
"996",4.08247168913007,19.7825263441594,1,0,0,0,1174,0,0,1011
"997",4.85326905640018,22.7042599339986,1,0,0,0,1190,0,0,1037
"998",3.39671278108443,13.0333330982228,1,0,0,0,1670,0,0,885
"999",5.00254941244699,24.1678506721775,1,0,0,0,1513,0,0,1012
"1000",3.42742744756684,12.971021519405,1,0,0,0,2053,0,0,842
"1001",4.57858403438991,21.4870044621243,1,0,0,0,1541,0,0,969
"1002",3.73562305851525,16.5063311615284,1,0,0,0,1464,0,0,930
"1003",5.53802517039289,25.8869690907356,1,0,0,0,1919,0,0,959
"1004",5.45102761933236,24.9912715713937,1,0,0,0,2290,0,0,927
"1005",4.44422387749337,19.1832358980987,1,0,0,0,1627,0,0,934
"1006",5.77797012105265,27.5392967208183,1,0,0,0,2105,0,0,966
"1007",3.31082420607611,13.2060159644824,1,0,0,0,1482,0,0,892
"1008",3.63197539993504,13.8850586157874,1,0,0,0,1982,0,0,891
"1009",5.11817007884063,23.2685972407952,1,0,0,0,2020,0,0,950
"1010",5.27152555073913,23.7450275778971,1,0,0,0,1758,0,0,961
"1011",4.12194593609115,18.4590711672901,1,0,0,0,1449,0,0,942
"1012",2.79766686431945,9.08020503489036,1,0,0,0,2502,0,0,778
"1013",4.36260549119758,20.0519991144787,1,0,0,0,1700,0,0,919
"1014",5.28142766497598,23.2850844696724,1,0,0,0,2090,0,0,923
"1015",4.46676106246677,19.2939644388649,1,0,0,0,1986,0,0,934
"1016",3.48625755231361,14.2301353022806,1,0,0,0,1765,0,0,944
"1017",3.98586121051699,17.623914371412,1,0,0,0,1227,0,0,939
"1018",1.66772660339468,5.62236213166008,1,0,0,0,154,0,0,956
"1019",3.89927718732898,15.6596726232732,1,0,0,0,2345,0,0,868
"1020",4.02788899003668,17.5867288951989,1,0,0,0,1884,0,0,951
"1021",3.42999714025503,14.0766128630889,1,0,0,0,1607,0,0,935
"1022",4.28258042690519,18.7956730827145,1,0,0,0,1850,0,0,928
"1023",5.07338722415872,23.8001980663622,1,0,0,0,1855,0,0,949
"1024",4.23797103269914,19.2613115520639,1,0,0,0,1895,0,0,945
"1025",3.72864056945305,16.1169644284809,1,0,0,0,1728,0,0,952
"1026",4.16466023439619,18.2585316955358,1,0,0,0,1640,0,0,967
"1027",4.53873680010718,20.5626341463281,1,0,0,0,1709,0,0,956
"1028",3.04053612539668,12.1620338553297,1,0,0,0,1774,0,0,876
"1029",3.41398204841235,13.9668595239904,1,0,0,0,1476,0,0,905
"1030",3.58567791720238,15.1818151057973,1,0,0,0,1994,0,0,901
"1031",4.55130771358916,19.7692389291884,1,0,0,0,2402,0,0,926
"1032",3.65731162028513,15.3664758234114,1,0,0,0,1838,0,0,899
"1033",5.18039320799052,21.7324659988484,1,0,0,0,2386,0,0,891
"1034",2.3871497279968,8.39923787779145,1,0,0,0,1103,0,0,845
"1035",5.23252656336321,23.226753080272,1,0,0,0,2068,0,0,932
"1036",4.98521564031573,22.5153909092095,1,0,0,0,1853,0,0,927
"1037",4.55951637911518,19.2401867369126,1,0,0,0,2164,0,0,883
"1038",5.14197956227234,21.8059862961353,1,0,0,0,2148,0,0,937
"1039",6.12528572542115,27.2756671625249,1,0,0,0,2155,0,0,949
"1040",3.86028733953985,16.8751748998332,1,0,0,0,1920,0,0,936
"1041",4.19620473214641,17.9233820363341,1,0,0,0,1799,0,0,950
"1042",3.97653145057673,14.5276604597411,1,0,0,0,2419,0,0,856
"1043",4.74147318518947,19.5286868730766,1,0,0,0,2348,0,0,927
"1044",3.33274934703444,13.1396098785682,1,0,0,0,1459,0,0,930
"1045",4.60650821281309,18.5606556412237,1,0,0,0,2707,0,0,847
"1046",2.14873403928116,5.21023695327303,1,0,0,0,2245,0,0,778
"1047",4.0473475247717,18.4725633529822,1,0,0,0,1916,0,0,909
"1048",4.91512824110737,21.9232576505028,1,0,0,0,2011,0,0,930
"1049",5.0611281147557,22.7797047978021,1,0,0,0,2065,0,0,952
"1050",4.20350115992501,17.6842038903979,1,0,0,0,2023,0,0,941
"1051",4.32953287656462,17.8303842126173,1,0,0,0,2445,0,0,900
"1052",3.826748201455,15.5532332078223,1,0,0,0,2195,0,0,874
"1053",5.07202700705417,22.1669827258044,1,0,0,0,1854,0,0,955
"1054",4.22720664394425,18.8674388388101,1,0,0,0,1654,0,0,951
"1055",2.92508322098688,11.7934206303415,1,0,0,0,1532,0,0,875
"1056",3.72794179904685,16.1751867060945,1,0,0,0,1738,0,0,939
"1057",3.84243383949509,15.8074095485112,1,0,0,0,1870,0,0,930
"1058",4.89425279300226,22.7232073275491,1,0,0,0,1770,0,0,968
"1059",3.47839679047511,14.2860071769016,1,0,0,0,1660,0,0,907
"1060",4.84271694808157,21.4864899755729,1,0,0,0,2214,0,0,920
"1061",5.2660076090877,24.0460962846747,1,0,0,0,1702,0,0,973
"1062",4.99755120923208,22.8239762699757,1,0,0,0,1816,0,0,966
"1063",4.75118674860458,20.1555743884789,1,0,0,0,2183,0,0,893
"1064",3.28934203244804,10.491056155167,1,0,0,0,2556,0,0,791
"1065",3.06963666666523,11.8703231695745,1,0,0,0,1952,0,0,849
"1066",5.228565122729,22.8951323170956,1,0,0,0,2308,0,0,948
"1067",3.64926797595731,15.8218809711632,1,0,0,0,1353,0,0,956
"1068",3.69266201484974,14.9749184608413,1,0,0,0,2110,0,0,906
"1069",4.09181775615738,16.5566037499216,1,0,0,0,2070,0,0,904
"1070",4.31027835271015,20.362339372232,1,0,0,0,1516,0,0,949
"1071",3.55738521241743,16.0571295609209,1,0,0,0,1396,0,0,943
"1072",5.0220808642561,22.5658146825132,1,0,0,0,1905,0,0,962
"1073",2.43016334193874,7.53840990955431,1,0,0,0,2375,0,0,778
"1074",4.29569095790354,16.5890466028589,1,0,0,0,1840,0,0,916
"1075",4.42554493586804,19.3969440409538,1,0,0,0,1785,0,0,957
"1076",5.08431654748555,22.9502108463899,1,0,0,0,1973,0,0,929
"1077",3.92419981392644,17.2841730920381,1,0,0,0,1521,0,0,954
"1078",2.42713133630906,9.46918988754224,1,0,0,0,1098,0,0,891
"1079",5.25872464117448,23.6172034150553,1,0,0,0,2269,0,0,946
"1080",4.18149931815015,17.8889763729928,1,0,0,0,1955,0,0,934
"1081",5.03887034687865,22.5573277892733,1,0,0,0,2002,0,0,921
"1082",4.04447489804371,17.1560538972087,1,0,0,0,1875,0,0,921
"1083",5.27192637486121,23.1556132318058,1,0,0,0,2148,0,0,943
"1084",4.14840287955592,18.7447095880568,1,0,0,0,1566,0,0,927
"1085",3.68845044951306,16.3942625646361,1,0,0,0,1047,0,0,958
"1086",4.30908218296991,19.0745964659844,1,0,0,0,1596,0,0,943
"1087",4.49645909113737,20.664722037404,1,0,0,0,1800,0,0,952
"1088",4.91996850043847,21.2260079331308,1,0,0,0,2256,0,0,911
"1089",2.70252255864391,8.86274496262196,1,0,0,0,2026,0,0,803
"1090",4.21268960946462,16.9088371523068,1,0,0,0,2271,0,0,891
"1091",3.36867088330173,12.3371644177263,1,0,0,0,1879,0,0,868
"1092",3.9945505410502,17.376263208359,1,0,0,0,1453,0,0,929
"1093",4.98092007050821,22.1417230857213,1,0,0,0,1707,0,0,970
"1094",4.53572312939292,20.8142887865103,1,0,0,0,1501,0,0,946
"1095",4.44083573864734,18.1292711892525,1,0,0,0,2606,0,0,879
"1096",4.31180817435385,18.5284775537237,1,0,0,0,2204,0,0,894
"1097",3.66259490370934,14.9737629769003,1,0,0,0,1698,0,0,925
"1098",4.05353134814412,17.9895062851753,1,0,0,0,1803,0,0,935
"1099",3.72873365395728,15.0259387819842,1,0,0,0,2110,0,0,899
"1100",5.37216325006298,23.9090041739204,1,0,0,0,1781,0,0,967
"1101",3.76225687929043,15.3133993039266,1,0,0,0,1963,0,0,900
"1102",3.42634442191613,15.5764919927324,1,0,0,0,767,0,0,971
"1103",3.23529389614101,11.4817698308919,1,0,0,0,2223,0,0,805
"1104",4.46198331743692,20.0109376774934,1,0,0,0,1755,0,0,960
"1105",4.41974625642989,19.6976628124389,1,0,0,0,1582,0,0,970
"1106",5.06604308250106,22.0416080261949,1,0,0,0,1733,0,0,943
"1107",3.40184077477244,15.0075889857042,1,0,0,0,1570,0,0,957
"1108",3.26750382983223,13.33035014738,1,0,0,0,1228,0,0,923
"1109",5.08359302995465,23.0219625678388,1,0,0,0,2085,0,0,949
"1110",4.26921184768679,18.4589830598002,1,0,0,0,1872,0,0,948
"1111",4.26883495138746,18.2319609424704,1,0,0,0,1760,0,0,961
"1112",2.87453379668098,9.02628582753178,1,0,0,0,2468,0,0,781
"1113",5.51537870153557,23.794715991389,1,0,0,0,2422,0,0,904
"1114",4.02885473684294,16.5802099338673,1,0,0,0,2229,0,0,913
"1115",5.09344449540655,23.5565550017701,1,0,0,0,1379,0,0,973
"1116",2.61169086077622,9.80736760218526,1,0,0,0,633,0,0,952
"1117",3.43192524536312,14.1387562642632,1,0,0,0,1367,0,0,903
"1118",3.61261328896042,15.9108408103924,1,0,0,0,1495,0,0,971
"1119",3.92908642432776,16.2964319262126,1,0,0,0,1768,0,0,920
"1120",4.31430895664387,17.4882895156349,1,0,0,0,2000,0,0,955
"1121",5.28198579921576,22.2629078287147,1,0,0,0,2564,0,0,912
"1122",4.64543543011009,19.6830048582684,1,0,0,0,1849,0,0,934
"1123",3.48068383493718,14.4520744578208,1,0,0,0,1853,0,0,916
"1124",4.7735552436403,20.6495780880872,1,0,0,0,2029,0,0,957
"1125",3.27291658495861,14.8729177706181,1,0,0,0,982,0,0,959
"1126",5.29201098169824,22.6785783510602,1,0,0,0,1545,0,0,960
"1127",3.46365706608029,14.3506270057915,1,0,0,0,2016,0,0,917
"1128",2.98249812437972,12.0643414897717,1,0,0,0,1269,0,0,903
"1129",4.05376563697448,18.4000714717378,1,0,0,0,1641,0,0,965
"1130",2.94984247872335,10.7207316408382,1,0,0,0,2057,0,0,818
"1131",3.41614182539495,12.6980209339355,1,0,0,0,2319,0,0,833
"1132",4.01766323080038,16.4407995129187,1,0,0,0,1530,0,0,930
"1133",4.1531383737655,17.5464725996255,1,0,0,0,1960,0,0,916
"1134",4.38659904738014,18.4332827412358,1,0,0,0,2384,0,0,898
"1135",3.03583866024834,11.1493621430667,1,0,0,0,1917,0,0,859
"1136",4.24987888648617,19.312972342332,1,0,0,0,1586,0,0,968
"1137",6.71989907050403,31.4707762196188,1,0,0,0,1797,0,0,973
"1138",5.08341789266747,22.6768903740888,1,0,0,0,1968,0,0,968
"1139",3.35171045399044,11.3322659683191,1,0,0,0,2642,0,0,785
"1140",4.20724718083501,17.9729388094558,1,0,0,0,1805,0,0,942
"1141",5.45957622488304,25.3410620910469,1,0,0,0,1587,0,0,966
"1142",4.49691584653471,18.8036746972954,1,0,0,0,2020,0,0,921
"1143",4.58647963478736,19.8105581592405,1,0,0,0,1997,0,0,931
"1144",4.85003756910482,21.7690115725444,1,0,0,0,1791,0,0,956
"1145",3.09963786058483,12.0542912399575,1,0,0,0,1505,0,0,916
"1146",4.11007564931235,18.1064325596455,1,0,0,0,1900,0,0,944
"1147",5.54466717640539,26.5021022181029,1,0,0,0,2058,0,0,950
"1148",3.59448056580529,14.3934341444603,1,0,0,0,1780,0,0,938
"1149",3.56679792803416,14.0080991979348,1,0,0,0,2577,0,0,890
"1150",3.69536917494986,15.4506262586189,1,0,0,0,1215,0,0,941
"1151",2.42921589868761,8.82230514901011,1,0,0,0,1126,0,0,902
"1152",4.67731957174462,21.4560779373086,1,0,0,0,1673,0,0,971
"1153",3.66963638803555,16.3844898237903,1,0,0,0,1259,0,0,973
"1154",2.77892594411349,8.76291174059096,1,0,0,0,2191,0,0,778
"1155",3.69047620102468,16.2063485944897,1,0,0,0,1987,0,0,939
"1156",3.51088925092712,13.6149746226615,1,0,0,0,1532,0,0,881
"1157",4.16450615037724,17.7416479427642,1,0,0,0,1698,0,0,957
"1158",4.50510250915028,20.7473288034077,1,0,0,0,1948,0,0,968
"1159",4.61811219966396,19.3440279200636,1,0,0,0,2395,0,0,905
"1160",4.06788781323108,16.4321654428409,1,0,0,0,1766,0,0,918
"1161",3.4126501910778,12.607069613789,1,0,0,0,2320,0,0,873
"1162",4.57891724165209,18.372458643662,1,0,0,0,2096,0,0,944
"1163",4.18705243118871,18.3121053448355,1,0,0,0,1547,0,0,935
"1164",6.1903913996236,28.4354443447515,1,0,0,0,2269,0,0,942
"1165",3.04214630776049,11.9457752297232,1,0,0,0,1628,0,0,917
"1166",3.35614183544684,12.2337159506169,1,0,0,0,2237,0,0,895
"1167",3.50030468094225,12.2943238467101,1,0,0,0,2820,0,0,811
"1168",5.81730255179669,26.5279969679275,1,0,0,0,2200,0,0,962
"1169",3.86886736466461,16.8784232333673,1,0,0,0,1366,0,0,957
"1170",5.67873611486009,24.9714662437259,1,0,0,0,2364,0,0,949
"1171",3.71248908874097,15.4224515200256,1,0,0,0,1783,0,0,932
"1172",3.70974828795637,15.4277697505519,1,0,0,0,1779,0,0,903
"1173",3.71079315886843,13.4291155273411,1,0,0,0,2603,0,0,804
"1174",4.55986051592344,18.6739426760753,1,0,0,0,2040,0,0,908
"1175",4.23499294267992,18.0598310834071,1,0,0,0,1620,0,0,951
"1176",4.31877093776628,19.4713264155243,1,0,0,0,1501,0,0,943
"1177",5.27561727958573,24.8349338398802,1,0,0,0,2044,0,0,972
"1178",3.26434427171641,12.2771210208692,1,0,0,0,1906,0,0,849
"1179",3.35639326486436,13.9350309489796,1,0,0,0,1205,0,0,941
"1180",3.70213610935481,16.3401524342595,1,0,0,0,1205,0,0,962
"1181",4.28342782045688,19.4408781146638,1,0,0,0,1592,0,0,974
"1182",3.41319743414687,13.5287168482635,1,0,0,0,1723,0,0,921
"1183",5.03600138314377,21.339261395842,1,0,0,0,2333,0,0,937
"1184",3.57525257864494,15.0656291989931,1,0,0,0,1558,0,0,886
"1185",3.59941798824935,12.5051449792936,1,0,0,0,2898,0,0,826
"1186",3.8041756388459,14.6261408824643,1,0,0,0,2763,0,0,858
"1187",3.26019328677054,12.5873229789475,1,0,0,0,2124,0,0,876
"1188",3.95953932715145,15.7558791554938,1,0,0,0,2214,0,0,881
"1189",4.29082917171036,18.3492591310653,1,0,0,0,2199,0,0,922
"1190",3.24787353698674,14.5354252964391,1,0,0,0,1443,0,0,950
"1191",5.0843146509207,23.0873040816208,1,0,0,0,1572,0,0,971
"1192",4.21690440914628,18.8202943322407,1,0,0,0,2005,0,0,929
"1193",4.42132984699497,18.5727416644575,1,0,0,0,1893,0,0,935
"1194",3.37564931801243,14.0311594686633,1,0,0,0,1247,0,0,918
"1195",5.92491810460639,26.9653626510816,1,0,0,0,2259,0,0,941
"1196",6.1888925003725,28.2765209063477,1,0,0,0,1957,0,0,954
"1197",3.35270517603045,14.2005351133765,1,0,0,0,1322,0,0,944
"1198",4.82564383724293,20.4010615424967,1,0,0,0,2405,0,0,920
"1199",4.14542448432622,17.6572821412064,1,0,0,0,2005,0,0,947
"1200",3.97513865353702,16.4496247228496,1,0,0,0,2056,0,0,923
"1201",3.61243547851123,14.0004359189738,1,0,0,0,1962,0,0,881
"1202",3.98140765592425,16.1172382559647,1,0,0,0,1767,0,0,921
"1203",4.22912696430405,17.8974095800792,1,0,0,0,1645,0,0,914
"1204",2.6670999531401,9.37722316072633,1,0,0,0,1652,0,0,825
"1205",4.34506176061466,17.9880899115336,1,0,0,0,2406,0,0,903
"1206",3.77008524609975,15.8926977734013,1,0,0,0,1849,0,0,928
"1207",3.23679828814657,12.181535228241,1,0,0,0,1472,0,0,910
"1208",4.06828007493551,17.0086343711704,1,0,0,0,1881,0,0,909
"1209",3.42979333458202,13.8631044908457,1,0,0,0,1870,0,0,874
"1210",5.38333189533639,22.9739178308109,1,0,0,0,2486,0,0,907
"1211",4.27662266838605,16.7230704977603,1,0,0,0,2711,0,0,874
"1212",3.71509739368553,14.7963415598706,1,0,0,0,1909,0,0,897
"1213",3.55832581664767,14.1610051013574,1,0,0,0,2099,0,0,877
"1214",5.50838700328151,23.47366154319,1,0,0,0,2996,0,0,851
"1215",3.53138193278062,13.7937887651344,1,0,0,0,2341,0,0,859
"1216",4.3054503287311,16.8676071778882,1,0,0,0,3120,0,0,825
"1217",3.56298966176304,14.2948734589763,1,0,0,0,2006,0,0,885
"1218",4.40397079141227,19.0176431008552,1,0,0,0,2394,0,0,891
"1219",2.48793926123522,7.3219748102823,1,0,0,0,2103,0,0,778
"1220",3.87053608315981,15.9889929001488,1,0,0,0,1903,0,0,902
"1221",2.98421391914798,12.1561930460939,1,0,0,0,1434,0,0,892
"1222",3.37214622248008,13.3854213749511,1,0,0,0,1507,0,0,932
"1223",3.83793746386694,14.3419550471145,1,0,0,0,2498,0,0,826
"1224",3.28109047453475,13.6622754689541,1,0,0,0,1568,0,0,888
"1225",3.8585366643996,16.187331028158,1,0,0,0,1852,0,0,893
"1226",3.23102630692603,12.0829373765356,1,0,0,0,2176,0,0,830
"1227",3.30420631950928,13.6700021082921,1,0,0,0,1782,0,0,928
"1228",4.6075062340969,19.189854194177,1,0,0,0,2200,0,0,919
"1229",3.64596938276001,14.0716558693643,1,0,0,0,2453,0,0,848
"1230",2.22921023544912,6.11572653770087,1,0,0,0,1939,0,0,785
"1231",3.03778023798551,12.1170242592534,1,0,0,0,1405,0,0,923
"1232",3.54613856426763,14.3996861177272,1,0,0,0,1804,0,0,921
"1233",3.92293895536426,15.4261626516611,1,0,0,0,1850,0,0,916
"1234",3.80473190061353,15.2982743444601,1,0,0,0,2342,0,0,873
"1235",5.50382181787261,24.3664544510447,1,0,0,0,2383,0,0,922
"1236",2.90284002618174,10.4291584370806,1,0,0,0,2095,0,0,810
"1237",4.69663002942118,18.805890903146,1,0,0,0,2467,0,0,876
"1238",3.21045154870104,11.9948003740599,1,0,0,0,1796,0,0,894
"1239",5.09227536241268,21.2944153428967,1,0,0,0,2235,0,0,906
"1240",4.0754333414364,16.8809123735371,1,0,0,0,2236,0,0,902
"1241",4.79332351362461,20.8796442650921,1,0,0,0,2564,0,0,910
"1242",4.9003819500364,22.4025429784699,1,0,0,0,2088,0,0,929
"1243",3.72699379390752,14.2995941093622,1,0,0,0,1697,0,0,891
"1244",3.53996240930632,15.3350167389974,1,0,0,0,1413,0,0,927
"1245",3.64671457132353,13.7934849092563,1,0,0,0,2303,0,0,871
"1246",4.73511998266372,20.3479507270788,1,0,0,0,2150,0,0,924
"1247",4.37661841373628,18.3351840954955,1,0,0,0,2192,0,0,889
"1248",2.96286732016581,10.7637328178336,1,0,0,0,1889,0,0,829
"1249",3.74570913927657,14.2231883143774,1,0,0,0,1941,0,0,891
"1250",2.58355787851375,9.11529615469361,1,0,0,0,1473,0,0,859
"1251",2.61575054873687,8.07959884997029,1,0,0,0,2202,0,0,778
"1252",3.03463154621881,12.1115470114312,1,0,0,0,1140,0,0,902
"1253",2.39260658664736,9.04995077613826,1,0,0,0,1148,0,0,921
"1254",4.98890817253,22.166847932124,1,0,0,0,2569,0,0,926
"1255",3.42840053856783,13.27399451932,1,0,0,0,1812,0,0,861
"1256",3.98547890379857,17.680454684105,1,0,0,0,1888,0,0,921
"1257",4.47014142561361,19.4241214857189,1,0,0,0,2211,0,0,926
"1258",4.95996832380265,21.2535686791935,1,0,0,0,2001,0,0,908
"1259",2.6583177263209,9.74056174689762,1,0,0,0,1448,0,0,877
"1260",3.71015205846791,15.3781826520194,1,0,0,0,1779,0,0,911
"1261",4.59815223834923,20.4032405113314,1,0,0,0,1729,0,0,908
"1262",2.98925254349492,11.9442971971513,1,0,0,0,1368,0,0,914
"1263",3.34834106134569,13.10116078709,1,0,0,0,1865,0,0,907
"1264",4.69114156687801,19.7063612057905,1,0,0,0,2168,0,0,887
"1265",3.46396307803525,13.8143103625585,1,0,0,0,2014,0,0,862
"1266",3.29077320402635,11.949672170623,1,0,0,0,2099,0,0,825
"1267",4.14253676810653,17.5625082743971,1,0,0,0,1722,0,0,903
"1268",1.54374263125322,4.58436849759444,1,0,0,0,354,0,0,863
"1269",1.48061570726284,4.13889126201654,1,0,0,0,355,0,0,897
"1270",4.16461347259129,16.502881726309,1,0,0,0,2438,0,0,881
"1271",2.7963882651529,9.81715775242323,1,0,0,0,2040,0,0,817
"1272",3.30512573631873,12.7573745854416,1,0,0,0,2358,0,0,832
"1273",4.41624431567195,18.4322771306919,1,0,0,0,2573,0,0,867
"1274",4.43571748684416,17.7968003717972,1,0,0,0,2582,0,0,879
"1275",4.57327441976,17.974496565286,1,0,0,0,2667,0,0,885
"1276",3.50597648274332,14.2426634436513,1,0,0,0,2096,0,0,926
"1277",3.68628142413268,15.8847473807904,1,0,0,0,1722,0,0,917
"1278",2.98578163617381,10.3176343940633,1,0,0,0,1981,0,0,834
"1279",6.08236146053295,27.4270953203491,1,0,0,0,2296,0,0,929
"1280",2.52173578005886,7.83505207117572,1,0,0,0,2132,0,0,778
"1281",3.30208442400564,11.0092546793913,1,0,0,0,2948,0,0,778
"1282",3.39584120725477,12.492414272615,1,0,0,0,2129,0,0,864
"1283",3.2631877093159,11.2339067077683,1,0,0,0,2841,0,0,793
"1284",3.06799688096097,12.8675394393348,1,0,0,0,1132,0,0,926
"1285",4.28311783633219,19.1310636014052,1,0,0,0,2005,0,0,913
"1286",3.85546028660123,15.1534630032756,1,0,0,0,2383,0,0,854
"1287",3.55335784892359,12.514556298661,1,0,0,0,2705,0,0,832
"1288",4.06565886329655,16.1979958665274,1,0,0,0,2421,0,0,847
"1289",4.67003980154741,19.6688267475793,1,0,0,0,1901,0,0,910
"1290",4.01530529013192,15.5895357885861,1,0,0,0,2741,0,0,861
"1291",3.23924758518789,12.3349598091972,1,0,0,0,1711,0,0,889
"1292",4.39706658261834,18.0077837044409,1,0,0,0,2666,0,0,891
"1293",4.4790967826183,17.5666210752171,1,0,0,0,2489,0,0,854
"1294",2.79792980269515,10.0507159650655,1,0,0,0,1758,0,0,829
"1295",5.61649197624346,24.5547584714553,1,0,0,0,2548,0,0,924
"1296",4.51420138283539,18.7582757746563,1,0,0,0,2205,0,0,907
"1297",3.89755798099305,16.0512403392537,1,0,0,0,1765,0,0,932
"1298",3.37368003812609,12.6784478952698,1,0,0,0,2193,0,0,836
"1299",4.49111626929048,18.2318222660625,1,0,0,0,2477,0,0,898
"1300",4.17246167360271,17.7065827040573,1,0,0,0,2131,0,0,929
"1301",3.3015371011929,13.2639735563809,1,0,0,0,1721,0,0,877
"1302",4.35290786394773,17.5673882279306,1,0,0,0,2317,0,0,870
"1303",2.81892973375179,10.1969846987288,1,0,0,0,1849,0,0,852
"1304",2.81418008206855,10.6285939170061,1,0,0,0,1661,0,0,884
"1305",4.13727367151455,17.335492881788,1,0,0,0,2192,0,0,889
"1306",4.85249330638996,21.3080392739295,1,0,0,0,1930,0,0,918
"1307",4.18217755272458,16.7937605492556,1,0,0,0,2651,0,0,842
"1308",4.22891659575542,16.6894825993665,1,0,0,0,2584,0,0,841
"1309",2.33482635528108,7.45562739972965,1,0,0,0,1952,0,0,778
"1310",2.99229098316906,12.4719494501212,1,0,0,0,1046,0,0,929
"1311",4.63535758589926,19.8124114285846,1,0,0,0,2437,0,0,906
"1312",4.33329560347995,17.5176702678088,1,0,0,0,2172,0,0,878
"1313",3.55367363305094,14.3365043873155,1,0,0,0,2544,0,0,864
"1314",2.55692617688032,10.0459783018263,1,0,0,0,1325,0,0,894
"1315",2.34301769986268,7.46525165562044,1,0,0,0,1623,0,0,792
"1316",2.44399446818617,8.98956043121245,1,0,0,0,1132,0,0,917
"1317",2.91367486115326,9.08863655817346,1,0,0,0,2156,0,0,782
"1318",2.31199308315264,8.70966197901289,1,0,0,0,705,0,0,932
"1319",4.64211498295093,19.2908940919499,1,0,0,0,2494,0,0,913
"1320",4.31384615954481,17.372627500358,1,0,0,0,2094,0,0,907
"1321",4.07685456065292,16.3007916296814,1,0,0,0,2434,0,0,883
"1322",2.59492682697189,10.2740202375608,1,0,0,0,1094,0,0,859
"1323",3.36777865118074,13.9692683471346,1,0,0,0,1206,0,0,915
"1324",3.71332623642274,14.0375244301445,1,0,0,0,1975,0,0,843
"1325",5.00837248420791,20.7810749949629,1,0,0,0,2365,0,0,911
"1326",2.93725359856723,10.7277958048362,1,0,0,0,1745,0,0,844
"1327",3.43736021639456,13.0095033142709,1,0,0,0,2026,0,0,849
"1328",3.89800562399966,16.1620870230391,1,0,0,0,1723,0,0,921
"1329",5.35268976704226,23.0406853425296,1,0,0,0,2626,0,0,885
"1330",4.64012351163414,19.9022388656956,1,0,0,0,2586,0,0,908
"1331",3.7129784569197,14.8435683845132,1,0,0,0,1839,0,0,911
"1332",4.61449466334486,18.3077800129683,1,0,0,0,2639,0,0,851
"1333",3.86837317987473,16.1541890808554,1,0,0,0,1505,0,0,911
"1334",4.15755261441663,16.5479203131043,1,0,0,0,2242,0,0,885
"1335",3.89513621761995,15.8443205489411,1,0,0,0,1640,0,0,914
"1336",4.29268464143038,17.6829411611151,1,0,0,0,2221,0,0,900
"1337",4.55596608325926,19.6831591317691,1,0,0,0,1858,0,0,903
"1338",3.98444246420334,16.4750350220612,1,0,0,0,2044,0,0,930
"1339",3.47047639355459,14.2815783290185,1,0,0,0,1525,0,0,931
"1340",3.7523642825493,13.8526874398944,1,0,0,0,2425,0,0,879
"1341",4.13656406680681,16.9068421308022,1,0,0,0,2283,0,0,890
"1342",4.35527537949581,17.6646714265329,1,0,0,0,2624,0,0,873
"1343",4.8733785772802,20.9490704211434,1,0,0,0,2478,0,0,921
"1344",3.45494297012527,13.0221571186373,1,0,0,0,2465,0,0,843
"1345",2.9057142642936,10.3795405120613,1,0,0,0,2220,0,0,825
"1346",4.2209400943702,16.811327670273,1,0,0,0,2319,0,0,864
"1347",4.75827232264054,19.9444600878484,1,0,0,0,2524,0,0,893
"1348",3.40286005963842,13.3723770430435,1,0,0,0,1826,0,0,917
"1349",4.83293729725189,20.2706998248056,1,0,0,0,2213,0,0,902
"1350",3.80633866016007,16.9232914894403,1,0,0,0,1817,0,0,931
"1351",4.0448278204288,17.196977777775,1,0,0,0,2052,0,0,918
"1352",3.79958848375031,16.5401367665496,1,0,0,0,2222,0,0,901
"1353",4.62400285813375,19.9474211993327,1,0,0,0,2057,0,0,890
"1354",5.73411009890728,25.3546249665483,1,0,0,0,2452,0,0,912
"1355",3.17207532416856,12.0895608058213,1,0,0,0,2125,0,0,864
"1356",4.47734130492788,16.6906009906797,1,0,0,0,3165,0,0,837
"1357",4.85891395884311,21.6275504825843,1,0,0,0,2072,0,0,923
"1358",4.95312706236892,21.0629244942658,1,0,0,0,2420,0,0,922
"1359",3.86902673939875,15.913875507221,1,0,0,0,1954,0,0,920
"1360",2.31240217395901,6.31088531942673,1,0,0,0,1884,0,0,778
"1361",3.33382604872924,13.9040990374398,1,0,0,0,1757,0,0,913
"1362",5.02473313495693,20.2314746707356,1,0,0,0,3072,0,0,874
"1363",4.86753886739651,21.9247557721807,1,0,0,0,2316,0,0,898
"1364",3.68939132728817,15.6114572019181,1,0,0,0,1717,0,0,896
"1365",2.75480225934606,10.0339759553634,1,0,0,0,1459,0,0,858
"1366",3.76281320104118,15.8774425147088,1,0,0,0,2002,0,0,896
"1367",3.19363719778791,12.7859354562,1,0,0,0,2240,0,0,897
"1368",1.95644155742636,5.44873598775331,1,0,0,0,1731,0,0,778
"1369",3.48640961318682,14.0714192497254,1,0,0,0,1934,0,0,890
"1370",3.33849742254634,12.7009393571757,1,0,0,0,2256,0,0,857
"1371",3.5125945999663,14.973400568918,1,0,0,0,1655,0,0,900
"1372",3.20241522704814,11.7938616209743,1,0,0,0,2120,0,0,816
"1373",3.41135598348461,13.7128251717514,1,0,0,0,1784,0,0,930
"1374",4.3949812963764,18.1776518150294,1,0,0,0,2018,0,0,882
"1375",4.77957458556576,19.4189096636615,1,0,0,0,2687,0,0,874
"1376",5.29366396987551,23.7702548923883,1,0,0,0,2394,0,0,917
"1377",4.59762210886744,19.3270045651642,1,0,0,0,2299,0,0,932
"1378",4.33051798812567,17.3906863487838,1,0,0,0,2658,0,0,865
"1379",4.55198352648459,19.0369742659214,1,0,0,0,1780,0,0,927
"1380",3.29256424953979,12.8488806542973,1,0,0,0,2192,0,0,803
"1381",4.09343290965245,17.7762283200477,1,0,0,0,1761,0,0,907
"1382",3.77289645498256,13.9817623025832,1,0,0,0,2243,0,0,845
"1383",4.65393143824357,19.4944275347663,1,0,0,0,2435,0,0,886
"1384",4.72684825491207,21.2385933463471,1,0,0,0,2233,0,0,921
"1385",3.33361579378105,13.1787338351619,1,0,0,0,2334,0,0,840
"1386",3.9491988695271,16.0294402521933,1,0,0,0,2117,0,0,899
"1387",4.19373623526934,16.8212274115014,1,0,0,0,2023,0,0,921
"1388",2.95366658217876,10.2858844674535,1,0,0,0,2155,0,0,803
"1389",4.63698225691511,19.8603638752844,1,0,0,0,2099,0,0,932
"1390",2.39204321867777,7.96836328389197,1,0,0,0,1260,0,0,821
"1391",4.24841615074093,16.9496018832618,1,0,0,0,2526,0,0,856
"1392",3.58203557643132,15.3457052396342,1,0,0,0,1531,0,0,926
"1393",3.05969310845453,11.7438927242521,1,0,0,0,1647,0,0,862
"1394",2.68556358474236,9.05614141609494,1,0,0,0,1948,0,0,799
"1395",3.24314022412395,12.096004671744,1,0,0,0,2270,0,0,803
"1396",3.70959947302872,15.2913144091696,1,0,0,0,1989,0,0,877
"1397",3.78496554689137,14.4771175190299,1,0,0,0,1754,0,0,895
"1398",2.69441985629063,8.81251505545584,1,0,0,0,2326,0,0,797
"1399",3.13743301413855,11.6331537204692,1,0,0,0,1965,0,0,827
"1400",4.05095423332479,15.0169307057943,1,0,0,0,3094,0,0,797
